codon|AAA|AAT|AAG|AAC|ATA|ATT|ATG|ATC|AGA|AGT|AGG|AGC|ACA|ACT|ACG|ACC|TAA|TAT|TAG|TAC|TTA|TTT|TTG|TTC|TGA|TGT|TGG|TGC|TCA|TCT|TCG|TCC|GAA|GAT|GAG|GAC|GTA|GTT|GTG|GTC|GGA|GGT|GGG|GGC|GCA|GCT|GCG|GCC|CAA|CAT|CAG|CAC|CTA|CTT|CTG|CTC|CGA|CGT|CGG|CGC|CCA|CCT|CCG|CCC
AAA|6192|5999|5720|5186|5297|6100|6099|5146|4936|5431|2564|4102|5855|5236|4988|2498|4193|5861|998|4805|6088|5969|4965|5087|1001|4194|4809|2240|5429|5367|3578|2803|6088|5960|5586|4594|5941|5872|5083|3887|5742|5653|4767|4419|5771|5635|4842|3211|5926|5392|4315|3550|5103|5555|3025|2989|3912|4995|1566|3316|5260|4734|4066|1402
AAT|5999|6035|5590|5095|5221|5963|5947|5038|4862|5346|2543|4038|5732|5142|4922|2483|4083|5751|975|4710|5946|5844|4890|4986|977|4137|4737|2210|5340|5271|3553|2775|5938|5846|5476|4527|5815|5752|5011|3851|5635|5532|4704|4350|5660|5521|4760|3179|5796|5298|4264|3509|5034|5441|2994|2946|3863|4903|1554|3256|5175|4670|4024|1403
AAG|5720|5590|5748|4882|4969|5672|5679|4832|4687|5125|2473|3902|5482|4917|4743|2364|3877|5498|935|4550|5658|5562|4707|4756|936|3968|4559|2118|5103|5029|3448|2658|5679|5584|5292|4354|5548|5491|4825|3701|5373|5302|4544|4182|5408|5292|4617|3058|5540|5106|4133|3382|4811|5200|2890|2834|3729|4718|1518|3145|4949|4474|3906|1332
AAC|5186|5095|4882|5212|4504|5153|5156|4516|4263|4688|2244|3683|5016|4598|4377|2282|3585|4988|814|4251|5148|5079|4286|4488|813|3647|4211|2018|4754|4714|3176|2572|5162|5078|4824|4126|5070|5035|4381|3500|4955|4904|4138|3974|4979|4870|4254|2910|5063|4682|3824|3240|4481|4806|2704|2719|3461|4415|1409|3018|4629|4206|3624|1296
ATA|5297|5221|4969|4504|5330|5290|5256|4479|4453|4827|2437|3615|5093|4597|4433|2353|3533|5152|889|4224|5278|5230|4503|4443|908|3770|4305|2013|4770|4688|3304|2604|5252|5169|4848|3989|5159|5109|4503|3552|5021|4907|4315|3863|5003|4906|4252|2970|5127|4747|3885|3125|4532|4875|2785|2793|3600|4323|1504|2803|4613|4198|3658|1341
ATT|6100|5963|5672|5153|5290|6144|6054|5124|4908|5410|2555|4081|5806|5219|4973|2490|4160|5830|993|4781|6045|5941|4953|5064|991|4187|4785|2233|5400|5349|3572|2802|6037|5930|5546|4575|5901|5848|5065|3890|5709|5623|4759|4407|5740|5601|4822|3209|5877|5361|4302|3538|5083|5536|3022|2982|3900|4959|1562|3295|5243|4720|4063|1406
ATG|6099|5947|5679|5156|5256|6054|6145|5120|4901|5394|2547|4090|5802|5206|4964|2484|4161|5819|995|4785|6040|5923|4932|5059|989|4172|4786|2236|5404|5342|3564|2796|6036|5922|5547|4572|5901|5831|5031|3877|5714|5623|4754|4404|5737|5606|4828|3199|5877|5367|4296|3532|5077|5529|3018|2979|3884|4967|1564|3308|5236|4710|4052|1400
ATC|5146|5038|4832|4516|4479|5124|5120|5170|4196|4649|2218|3651|4974|4537|4339|2260|3537|4954|837|4223|5116|5033|4266|4467|796|3635|4182|2008|4703|4642|3170|2548|5102|5022|4751|4052|5024|5006|4349|3479|4917|4871|4149|3972|4927|4855|4227|2899|5004|4622|3735|3205|4470|4785|2710|2697|3441|4340|1394|2972|4591|4178|3600|1283
AGA|4936|4862|4687|4263|4453|4908|4901|4196|4955|4519|2330|3422|4759|4316|4167|2181|3325|4786|805|4010|4897|4829|4202|4161|825|3525|4017|1908|4480|4409|3110|2434|4912|4845|4600|3837|4802|4763|4229|3300|4714|4616|4047|3669|4707|4592|4059|2767|4789|4493|3702|2987|4260|4542|2638|2572|3409|4135|1425|2762|4364|3961|3503|1251
AGT|5431|5346|5125|4688|4827|5410|5394|4649|4519|5463|2416|3775|5244|4752|4597|2351|3701|5258|877|4388|5403|5329|4543|4623|885|3851|4403|2068|4944|4878|3350|2639|5399|5317|5006|4176|5313|5252|4645|3621|5185|5116|4400|4082|5181|5093|4454|3031|5270|4878|3992|3268|4665|5045|2831|2806|3627|4527|1478|3045|4800|4351|3787|1334
AGG|2564|2543|2473|2244|2437|2555|2547|2218|2330|2416|2568|1864|2486|2279|2237|1297|1616|2514|444|2116|2540|2529|2322|2168|508|1929|2171|1072|2370|2338|1798|1379|2552|2524|2449|2007|2505|2492|2271|1794|2456|2415|2249|1930|2459|2411|2170|1551|2499|2399|2048|1592|2253|2371|1544|1485|1926|2192|950|1423|2290|2116|1909|741
AGC|4102|4038|3902|3683|3615|4081|4090|3651|3422|3775|1864|4123|3994|3693|3543|1910|2834|3983|642|3439|4081|4038|3456|3654|647|2971|3418|1690|3815|3767|2650|2128|4077|4031|3835|3306|4030|3995|3553|2876|3958|3899|3382|3279|3970|3917|3470|2433|4022|3765|3097|2648|3632|3862|2239|2267|2856|3550|1176|2516|3724|3426|2972|1074
ACA|5855|5732|5482|5016|5093|5806|5802|4974|4759|5244|2486|3994|5885|5069|4852|2444|4009|5611|936|4644|5805|5702|4788|4925|940|4052|4651|2180|5264|5199|3504|2747|5797|5709|5362|4458|5688|5633|4903|3799|5523|5456|4632|4320|5568|5444|4721|3143|5666|5201|4190|3478|4955|5356|2966|2912|3805|4827|1532|3240|5114|4604|3968|1384
ACT|5236|5142|4917|4598|4597|5219|5206|4537|4316|4752|2279|3693|5069|5262|4413|2310|3614|5036|833|4275|5201|5114|4334|4539|815|3716|4256|2032|4776|4762|3222|2581|5204|5139|4831|4095|5119|5100|4414|3509|4993|4938|4190|3998|5021|4936|4277|2941|5106|4721|3829|3225|4542|4880|2724|2711|3462|4414|1410|2998|4663|4269|3636|1298
ACG|4988|4922|4743|4377|4433|4973|4964|4339|4167|4597|2237|3543|4852|4413|5011|2177|3378|4854|812|4120|4955|4911|4238|4305|821|3590|4086|1972|4579|4529|3198|2460|4961|4915|4684|3934|4896|4863|4355|3414|4786|4733|4145|3841|4795|4708|4241|2828|4877|4581|3751|3108|4357|4658|2678|2638|3412|4265|1419|2914|4494|4059|3635|1235
ACC|2498|2483|2364|2282|2353|2490|2484|2260|2181|2351|1297|1910|2444|2310|2177|2504|1623|2452|427|2145|2487|2465|2204|2254|454|1833|2153|1062|2354|2329|1716|1562|2483|2475|2354|2070|2457|2452|2141|1879|2405|2374|2117|2004|2409|2394|2038|1678|2457|2340|1962|1697|2266|2361|1470|1630|1864|2182|867|1493|2310|2171|1817|895
TAA|4193|4083|3877|3585|3533|4160|4161|3537|3325|3701|1616|2834|4009|3614|3378|1623|4231|3979|0|3312|4156|4066|3324|3499|0|2831|3247|1497|3700|3682|2388|1897|4158|4062|3779|3154|4053|4013|3425|2626|3925|3880|3182|3069|3963|3862|3309|2176|4059|3671|2890|2434|3474|3800|2011|1987|2593|3418|951|2300|3602|3251|2733|914
TAT|5861|5751|5498|4988|5152|5830|5819|4954|4786|5258|2514|3983|5611|5036|4854|2452|3979|5898|963|4674|5823|5734|4824|4924|956|4085|4685|2190|5248|5164|3526|2752|5810|5727|5375|4426|5691|5630|4922|3791|5522|5447|4648|4273|5537|5416|4695|3151|5665|5225|4231|3451|4937|5346|2955|2937|3835|4820|1544|3214|5087|4586|3979|1387
TAG|998|975|935|814|889|993|995|837|805|877|444|642|936|833|812|427|0|963|1005|760|988|979|816|821|0|693|794|355|881|851|608|445|984|971|915|710|965|951|845|635|922|908|790|688|936|915|766|534|948|878|716|554|841|888|507|497|663|800|289|512|852|754|688|242
TAC|4805|4710|4550|4251|4224|4781|4785|4223|4010|4388|2116|3439|4644|4275|4120|2145|3312|4674|760|4826|4784|4715|4024|4206|754|3456|3974|1921|4417|4396|2995|2400|4785|4719|4481|3850|4711|4673|4098|3288|4598|4554|3941|3721|4628|4534|4010|2744|4700|4410|3610|3082|4231|4490|2578|2577|3265|4120|1330|2875|4344|3967|3444|1223
TTA|6088|5946|5658|5148|5278|6045|6040|5116|4897|5403|2540|4081|5805|5201|4955|2487|4156|5823|988|4784|6130|5931|4938|5067|986|4170|4776|2228|5402|5344|3570|2797|6025|5913|5539|4558|5890|5828|5058|3865|5705|5613|4743|4394|5743|5608|4818|3201|5864|5347|4295|3530|5084|5534|3016|2983|3889|4959|1562|3293|5240|4706|4045|1403
TTT|5969|5844|5562|5079|5230|5941|5923|5033|4829|5329|2529|4038|5702|5114|4911|2465|4066|5734|979|4715|5931|6015|4897|5012|970|4128|4733|2207|5331|5247|3547|2778|5911|5821|5441|4494|5795|5737|4990|3848|5631|5525|4693|4346|5637|5521|4746|3180|5759|5288|4245|3492|5013|5443|2994|2957|3848|4866|1549|3232|5174|4660|4016|1394
TTG|4965|4890|4707|4286|4503|4953|4932|4266|4202|4543|2322|3456|4788|4334|4238|2204|3324|4824|816|4024|4938|4897|4994|4210|854|3530|4052|1902|4513|4438|3189|2478|4926|4873|4627|3814|4855|4805|4287|3335|4721|4655|4112|3693|4741|4629|4101|2822|4826|4495|3732|3008|4281|4604|2684|2632|3425|4167|1428|2769|4389|3972|3531|1260
TTC|5087|4986|4756|4488|4443|5064|5059|4467|4161|4623|2168|3654|4925|4539|4305|2254|3499|4924|821|4206|5067|5012|4210|5114|794|3617|4181|1997|4653|4628|3135|2520|5039|4966|4686|4020|4970|4927|4313|3426|4863|4828|4096|3962|4861|4813|4210|2870|4945|4578|3730|3168|4446|4748|2677|2691|3384|4310|1374|2954|4576|4170|3570|1289
TGA|1001|977|936|813|908|991|989|796|825|885|508|647|940|815|821|454|0|956|0|754|986|970|854|794|1007|692|787|399|879|860|597|473|985|967|916|745|966|946|843|644|935|906|820|682|911|898|787|514|953|867|727|570|812|900|516|512|663|790|332|509|838|751|662|256
TGT|4194|4137|3968|3647|3770|4187|4172|3635|3525|3851|1929|2971|4052|3716|3590|1833|2831|4085|693|3456|4170|4128|3530|3617|692|4216|3474|1799|3825|3806|2651|2074|4179|4121|3902|3273|4111|4083|3590|2845|4010|3948|3431|3177|4008|3936|3457|2370|4082|3823|3135|2630|3641|3910|2277|2217|2884|3545|1210|2396|3748|3420|3003|1072
TGG|4809|4737|4559|4211|4305|4785|4786|4182|4017|4403|2171|3418|4651|4256|4086|2153|3247|4685|794|3974|4776|4733|4052|4181|787|3474|4828|1900|4395|4341|3052|2407|4760|4710|4448|3770|4712|4678|4116|3270|4630|4562|3979|3700|4592|4531|3970|2734|4681|4365|3578|3011|4189|4464|2577|2580|3293|4055|1375|2738|4319|3941|3434|1236
TGC|2240|2210|2118|2018|2013|2233|2236|2008|1908|2068|1072|1690|2180|2032|1972|1062|1497|2190|355|1921|2228|2207|1902|1997|399|1799|1900|2251|2097|2074|1455|1217|2237|2211|2100|1822|2210|2196|1928|1606|2172|2145|1867|1803|2158|2127|1885|1344|2203|2085|1714|1523|1990|2105|1270|1296|1618|1951|716|1402|2053|1877|1669|647
TCA|5429|5340|5103|4754|4770|5400|5404|4703|4480|4944|2370|3815|5264|4776|4579|2354|3700|5248|881|4417|5402|5331|4513|4653|879|3825|4395|2097|5460|4917|3353|2647|5391|5321|5007|4231|5313|5267|4600|3637|5193|5139|4394|4131|5208|5125|4456|3029|5301|4895|3989|3328|4674|5045|2820|2807|3628|4573|1474|3097|4857|4382|3799|1341
TCT|5367|5271|5029|4714|4688|5349|5342|4642|4409|4878|2338|3767|5199|4762|4529|2329|3682|5164|851|4396|5344|5247|4438|4628|860|3806|4341|2074|4917|5393|3313|2637|5330|5256|4969|4210|5246|5213|4531|3595|5123|5067|4309|4081|5143|5057|4399|3009|5242|4855|3934|3291|4631|5003|2798|2792|3565|4527|1445|3078|4783|4363|3743|1343
TCG|3578|3553|3448|3176|3304|3572|3564|3170|3110|3350|1798|2650|3504|3222|3198|1716|2388|3526|608|2995|3570|3547|3189|3135|597|2651|3052|1455|3353|3313|3593|1891|3560|3543|3393|2903|3533|3516|3196|2596|3477|3438|3114|2841|3488|3415|3131|2197|3518|3338|2846|2318|3206|3395|2108|2059|2619|3126|1161|2161|3279|2999|2765|1002
TCC|2803|2775|2658|2572|2604|2802|2796|2548|2434|2639|1379|2128|2747|2581|2460|1562|1897|2752|445|2400|2797|2778|2478|2520|473|2074|2407|1217|2647|2637|1891|2815|2793|2771|2627|2291|2754|2743|2417|2109|2718|2681|2370|2260|2714|2687|2324|1859|2769|2622|2234|1887|2560|2682|1650|1793|2065|2458|942|1721|2588|2428|2065|907
GAA|6088|5938|5679|5162|5252|6037|6036|5102|4912|5399|2552|4077|5797|5204|4961|2483|4158|5810|984|4785|6025|5911|4926|5039|985|4179|4760|2237|5391|5330|3560|2793|6127|5925|5562|4576|5889|5824|5056|3873|5691|5612|4743|4389|5728|5597|4811|3197|5881|5361|4306|3537|5063|5510|3008|2966|3895|4968|1560|3306|5231|4709|4051|1403
GAT|5960|5846|5584|5078|5169|5930|5922|5022|4845|5317|2524|4031|5709|5139|4915|2475|4062|5727|971|4719|5913|5821|4873|4966|967|4121|4710|2211|5321|5256|3543|2771|5925|6000|5484|4528|5794|5727|4971|3832|5614|5525|4697|4337|5633|5498|4761|3168|5781|5287|4262|3495|5000|5434|2981|2934|3856|4918|1552|3264|5174|4661|4018|1392
GAG|5586|5476|5292|4824|4848|5546|5547|4751|4600|5006|2449|3835|5362|4831|4684|2354|3779|5375|915|4481|5539|5441|4627|4686|916|3902|4448|2100|5007|4969|3393|2627|5562|5484|5610|4334|5440|5381|4720|3639|5246|5199|4471|4107|5308|5169|4551|3012|5441|5016|4080|3387|4729|5124|2882|2798|3719|4701|1503|3149|4905|4411|3867|1317
GAC|4594|4527|4354|4126|3989|4575|4572|4052|3837|4176|2007|3306|4458|4095|3934|2070|3154|4426|710|3850|4558|4494|3814|4020|745|3273|3770|1822|4231|4210|2903|2291|4576|4528|4334|4609|4507|4465|3912|3168|4394|4362|3704|3586|4423|4327|3827|2622|4516|4227|3437|2984|4010|4298|2450|2418|3151|3980|1293|2774|4150|3776|3287|1179
GTA|5941|5815|5548|5070|5159|5901|5901|5024|4802|5313|2505|4030|5688|5119|4896|2457|4053|5691|965|4711|5890|5795|4855|4970|966|4111|4712|2210|5313|5246|3533|2754|5889|5794|5440|4507|5984|5720|4981|3834|5616|5529|4691|4362|5623|5509|4754|3158|5757|5260|4241|3499|4991|5430|2980|2928|3829|4884|1546|3256|5168|4658|4017|1390
GTT|5872|5752|5491|5035|5109|5848|5831|5006|4763|5252|2492|3995|5633|5100|4863|2452|4013|5630|951|4673|5828|5737|4805|4927|946|4083|4678|2196|5267|5213|3516|2743|5824|5727|5381|4465|5720|5910|4931|3826|5557|5480|4658|4337|5570|5459|4713|3145|5686|5208|4192|3476|4952|5379|2958|2933|3810|4838|1533|3235|5127|4628|3981|1381
GTG|5083|5011|4825|4381|4503|5065|5031|4349|4229|4645|2271|3553|4903|4414|4355|2141|3425|4922|845|4098|5058|4990|4287|4313|843|3590|4116|1928|4600|4531|3196|2417|5056|4971|4720|3912|4981|4931|5113|3393|4855|4795|4140|3819|4864|4759|4254|2795|4950|4596|3771|3085|4325|4695|2718|2601|3424|4258|1415|2881|4501|4066|3638|1242
GTC|3887|3851|3701|3500|3552|3890|3877|3479|3300|3621|1794|2876|3799|3509|3414|1879|2626|3791|635|3288|3865|3848|3335|3426|644|2845|3270|1606|3637|3595|2596|2109|3873|3832|3639|3168|3834|3826|3393|3905|3763|3731|3284|3115|3780|3692|3317|2427|3812|3574|3001|2544|3458|3685|2199|2238|2796|3380|1189|2373|3572|3271|2882|1117
GGA|5742|5635|5373|4955|5021|5709|5714|4917|4714|5185|2456|3958|5523|4993|4786|2405|3925|5522|922|4598|5705|5631|4721|4863|935|4010|4630|2172|5193|5123|3477|2718|5691|5614|5246|4394|5616|5557|4855|3763|5782|5383|4570|4279|5464|5377|4664|3119|5569|5130|4141|3426|4889|5296|2918|2900|3769|4752|1529|3201|5048|4577|3950|1369
GGT|5653|5532|5302|4904|4907|5623|5623|4871|4616|5116|2415|3899|5456|4938|4733|2374|3880|5447|908|4554|5613|5525|4655|4828|906|3948|4562|2145|5139|5067|3438|2681|5612|5525|5199|4362|5529|5480|4795|3731|5383|5694|4524|4268|5392|5288|4616|3099|5489|5056|4069|3406|4821|5220|2903|2852|3706|4727|1505|3185|5014|4511|3932|1364
GGG|4767|4704|4544|4138|4315|4759|4754|4149|4047|4400|2249|3382|4632|4190|4145|2117|3182|4648|790|3941|4743|4693|4112|4096|820|3431|3979|1867|4394|4309|3114|2370|4743|4697|4471|3704|4691|4658|4140|3284|4570|4524|4792|3658|4565|4482|4019|2750|4659|4371|3613|2944|4166|4446|2618|2550|3294|4056|1389|2713|4292|3897|3515|1206
GGC|4419|4350|4182|3974|3863|4407|4404|3972|3669|4082|1930|3279|4320|3998|3841|2004|3069|4273|688|3721|4394|4346|3693|3962|682|3177|3700|1803|4131|4081|2841|2260|4389|4337|4107|3586|4362|4337|3819|3115|4279|4268|3658|4439|4285|4241|3759|2628|4334|4042|3304|2869|3912|4196|2401|2412|3035|3849|1225|2703|4070|3717|3269|1151
GCA|5771|5660|5408|4979|5003|5740|5737|4927|4707|5181|2459|3970|5568|5021|4795|2409|3963|5537|936|4628|5743|5637|4741|4861|911|4008|4592|2158|5208|5143|3488|2714|5728|5633|5308|4423|5623|5570|4864|3780|5464|5392|4565|4285|5810|5385|4690|3121|5621|5131|4152|3449|4905|5324|2936|2900|3756|4816|1512|3223|5072|4551|3931|1363
GCT|5635|5521|5292|4870|4906|5601|5606|4855|4592|5093|2411|3917|5444|4936|4708|2394|3862|5416|915|4534|5608|5521|4629|4813|898|3936|4531|2127|5125|5057|3415|2687|5597|5498|5169|4327|5509|5459|4759|3692|5377|5288|4482|4241|5385|5675|4579|3089|5479|5039|4069|3404|4793|5212|2873|2854|3701|4703|1490|3167|4974|4497|3889|1364
GCG|4842|4760|4617|4254|4252|4822|4828|4227|4059|4454|2170|3470|4721|4277|4241|2038|3309|4695|766|4010|4818|4746|4101|4210|787|3457|3970|1885|4456|4399|3131|2324|4811|4761|4551|3827|4754|4713|4254|3317|4664|4616|4019|3759|4690|4579|4862|2760|4735|4424|3655|3029|4215|4543|2615|2525|3298|4179|1360|2867|4378|3934|3558|1191
GCC|3211|3179|3058|2910|2970|3209|3199|2899|2767|3031|1551|2433|3143|2941|2828|1678|2176|3151|534|2744|3201|3180|2822|2870|514|2370|2734|1344|3029|3009|2197|1859|3197|3168|3012|2622|3158|3145|2795|2427|3119|3099|2750|2628|3121|3089|2760|3224|3150|2984|2504|2161|2909|3056|1864|1993|2396|2804|1024|1993|2935|2764|2408|997
CAA|5926|5796|5540|5063|5127|5877|5877|5004|4789|5270|2499|4022|5666|5106|4877|2457|4059|5665|948|4700|5864|5759|4826|4945|953|4082|4681|2203|5301|5242|3518|2769|5881|5781|5441|4516|5757|5686|4950|3812|5569|5489|4659|4334|5621|5479|4735|3150|5960|5263|4249|3484|4979|5401|2972|2927|3833|4895|1546|3258|5143|4635|3993|1384
CAT|5392|5298|5106|4682|4747|5361|5367|4622|4493|4878|2399|3765|5201|4721|4581|2340|3671|5225|878|4410|5347|5288|4495|4578|867|3823|4365|2085|4895|4855|3338|2622|5361|5287|5016|4227|5260|5208|4596|3574|5130|5056|4371|4042|5131|5039|4424|2984|5263|5416|3985|3342|4626|4986|2823|2782|3643|4542|1475|3079|4787|4337|3786|1325
CAG|4315|4264|4133|3824|3885|4302|4296|3735|3702|3992|2048|3097|4190|3829|3751|1962|2890|4231|716|3610|4295|4245|3732|3730|727|3135|3578|1714|3989|3934|2846|2234|4306|4262|4080|3437|4241|4192|3771|3001|4141|4069|3613|3304|4152|4069|3655|2504|4249|3985|4333|2739|3796|4040|2415|2370|3043|3731|1300|2556|3885|3532|3166|1124
CAC|3550|3509|3382|3240|3125|3538|3532|3205|2987|3268|1592|2648|3478|3225|3108|1697|2434|3451|554|3082|3530|3492|3008|3168|570|2630|3011|1523|3328|3291|2318|1887|3537|3495|3387|2984|3499|3476|3085|2544|3426|3406|2944|2869|3449|3404|3029|2161|3484|3342|2739|3558|3170|3393|2011|2005|2519|3173|1049|2280|3269|3012|2637|998
CTA|5103|5034|4811|4481|4532|5083|5077|4470|4260|4665|2253|3632|4955|4542|4357|2266|3474|4937|841|4231|5084|5013|4281|4446|812|3641|4189|1990|4674|4631|3206|2560|5063|5000|4729|4010|4991|4952|4325|3458|4889|4821|4166|3912|4905|4793|4215|2909|4979|4626|3796|3170|5127|4777|2704|2727|3460|4324|1413|2952|4594|4150|3598|1303
CTT|5555|5441|5200|4806|4875|5536|5529|4785|4542|5045|2371|3862|5356|4880|4658|2361|3800|5346|888|4490|5534|5443|4604|4748|900|3910|4464|2105|5045|5003|3395|2682|5510|5434|5124|4298|5430|5379|4695|3685|5296|5220|4446|4196|5324|5212|4543|3056|5401|4986|4040|3393|4777|5588|2873|2848|3673|4668|1481|3149|4920|4446|3828|1348
CTG|3025|2994|2890|2704|2785|3022|3018|2710|2638|2831|1544|2239|2966|2724|2678|1470|2011|2955|507|2578|3016|2994|2684|2677|516|2277|2577|1270|2820|2798|2108|1650|3008|2981|2882|2450|2980|2958|2718|2199|2918|2903|2618|2401|2936|2873|2615|1864|2972|2823|2415|2011|2704|2873|3034|1821|2250|2645|988|1855|2774|2540|2319|849
CTC|2989|2946|2834|2719|2793|2982|2979|2697|2572|2806|1485|2267|2912|2711|2638|1630|1987|2937|497|2577|2983|2957|2632|2691|512|2217|2580|1296|2807|2792|2059|1793|2966|2934|2798|2418|2928|2933|2601|2238|2900|2852|2550|2412|2900|2854|2525|1993|2927|2782|2370|2005|2727|2848|1821|2996|2239|2610|1036|1849|2734|2544|2237|955
CGA|3912|3863|3729|3461|3600|3900|3884|3441|3409|3627|1926|2856|3805|3462|3412|1864|2593|3835|663|3265|3889|3848|3425|3384|663|2884|3293|1618|3628|3565|2619|2065|3895|3856|3719|3151|3829|3810|3424|2796|3769|3706|3294|3035|3756|3701|3298|2396|3833|3643|3043|2519|3460|3673|2250|2239|3919|3411|1256|2368|3538|3220|2908|1081
CGT|4995|4903|4718|4415|4323|4959|4967|4340|4135|4527|2192|3550|4827|4414|4265|2182|3418|4820|800|4120|4959|4866|4167|4310|790|3545|4055|1951|4573|4527|3126|2458|4968|4918|4701|3980|4884|4838|4258|3380|4752|4727|4056|3849|4816|4703|4179|2804|4895|4542|3731|3173|4324|4668|2645|2610|3411|5008|1385|3013|4505|4062|3599|1246
CGG|1566|1554|1518|1409|1504|1562|1564|1394|1425|1478|950|1176|1532|1410|1419|867|951|1544|289|1330|1562|1549|1428|1374|332|1210|1375|716|1474|1445|1161|942|1560|1552|1503|1293|1546|1533|1415|1189|1529|1505|1389|1225|1512|1490|1360|1024|1546|1475|1300|1049|1413|1481|988|1036|1256|1385|1572|960|1428|1308|1226|519
CGC|3316|3256|3145|3018|2803|3295|3308|2972|2762|3045|1423|2516|3240|2998|2914|1493|2300|3214|512|2875|3293|3232|2769|2954|509|2396|2738|1402|3097|3078|2161|1721|3306|3264|3149|2774|3256|3235|2881|2373|3201|3185|2713|2703|3223|3167|2867|1993|3258|3079|2556|2280|2952|3149|1855|1849|2368|3013|960|3321|3064|2793|2524|874
CCA|5260|5175|4949|4629|4613|5243|5236|4591|4364|4800|2290|3724|5114|4663|4494|2310|3602|5087|852|4344|5240|5174|4389|4576|838|3748|4319|2053|4857|4783|3279|2588|5231|5174|4905|4150|5168|5127|4501|3572|5048|5014|4292|4070|5072|4974|4378|2935|5143|4787|3885|3269|4594|4920|2774|2734|3538|4505|1428|3064|5292|4307|3750|1321
CCT|4734|4670|4474|4206|4198|4720|4710|4178|3961|4351|2116|3426|4604|4269|4059|2171|3251|4586|754|3967|4706|4660|3972|4170|751|3420|3941|1877|4382|4363|2999|2428|4709|4661|4411|3776|4658|4628|4066|3271|4577|4511|3897|3717|4551|4497|3934|2764|4635|4337|3532|3012|4150|4446|2540|2544|3220|4062|1308|2793|4307|4756|3425|1255
CCG|4066|4024|3906|3624|3658|4063|4052|3600|3503|3787|1909|2972|3968|3636|3635|1817|2733|3979|688|3444|4045|4016|3531|3570|662|3003|3434|1669|3799|3743|2765|2065|4051|4018|3867|3287|4017|3981|3638|2882|3950|3932|3515|3269|3931|3889|3558|2408|3993|3786|3166|2637|3598|3828|2319|2237|2908|3599|1226|2524|3750|3425|4083|1040
CCC|1402|1403|1332|1296|1341|1406|1400|1283|1251|1334|741|1074|1384|1298|1235|895|914|1387|242|1223|1403|1394|1260|1289|256|1072|1236|647|1341|1343|1002|907|1403|1392|1317|1179|1390|1381|1242|1117|1369|1364|1206|1151|1363|1364|1191|997|1384|1325|1124|998|1303|1348|849|955|1081|1246|519|874|1321|1255|1040|1412
