codon1,codon2,transcripts_probability,clusters_probability
AAA,AAC,1.00320685865058,1.5999999999999999
AAA,AAG,1.0033250527315198,0
AAA,AAT,1.0022220991246156,0
AAA,ACA,1.0030967411564022,1.2
AAA,ACC,1.0058205321098646,2.0
AAA,ACG,1.003608727466241,0
AAA,ACT,1.003254650131556,0
AAA,AGA,1.0043703408193119,0
AAA,AGC,1.0031011042234244,0
AAA,AGG,1.0066659723731557,0
AAA,AGT,1.0023306010696342,0
AAA,ATA,1.001994069694722,0
AAA,ATC,1.0035560328670174,0
AAA,ATG,1.0006890173519785,0
AAA,ATT,1.0010159908955105,0
AAA,CAA,1.0024847497528746,0
AAA,CAC,1.005969460676018,0
AAA,CAG,1.0040480528913676,0
AAA,CAT,1.0037686212542798,0
AAA,CCA,1.0021397663285816,2.0
AAA,CCC,1.001095949447702,0
AAA,CCG,1.0040385356564467,0
AAA,CCT,1.0035725986269486,0
AAA,CGA,1.0064355524961872,0
AAA,CGC,1.00671846296413,0
AAA,CGG,1.0043882034439908,0
AAA,CGT,1.0056192069433092,2.0
AAA,CTA,1.003516778477826,2.0
AAA,CTC,1.0058807415054698,2.0
AAA,CTG,1.0052456206915936,0
AAA,CTT,1.002282281938595,0
AAA,GAA,1.0018187385103172,1.4285714285714286
AAA,GAC,1.0049551265555594,0
AAA,GAG,1.0039231231604695,0
AAA,GAT,1.001514857881137,0
AAA,GCA,1.0014685819690723,0
AAA,GCC,1.004170964616154,0
AAA,GCG,1.0040890197353947,0
AAA,GCT,1.00112992179763,0.0
AAA,GGA,1.0012614328348604,1.3333333333333333
AAA,GGC,1.0036938054349136,0.6666666666666666
AAA,GGG,1.0029764360173934,0
AAA,GGT,1.0009765651590279,0
AAA,GTA,1.0009914196254612,1.3333333333333333
AAA,GTC,1.0035889934391407,0
AAA,GTG,1.0023207108495296,0
AAA,GTT,1.0017536956151052,0
AAA,TAA,0.9991811316986657,0
AAA,TAC,1.0038491640885772,1.3333333333333333
AAA,TAG,1.001213891781403,0
AAA,TAT,1.0019114513920104,0
AAA,TCA,1.0025120147939914,0
AAA,TCC,1.0039384457570877,0
AAA,TCG,1.0040272644698889,0
AAA,TCT,1.0033756613870695,0
AAA,TGA,1.002229067073124,0
AAA,TGC,1.0033094679711687,0
AAA,TGG,1.0042686436677521,1.0
AAA,TGT,1.0029752382948678,0
AAA,TTA,1.0013284520151247,0
AAA,TTC,1.0029133242686894,0
AAA,TTG,1.0023816370342087,0
AAA,TTT,1.0005258977878302,0
AAC,AAG,1.0173489554376685,0
AAC,AAT,1.0112437298160324,0
AAC,ACA,1.0209394567532868,1.4399999999999997
AAC,ACC,1.091616881906831,2.4
AAC,ACG,1.0462634927641155,0
AAC,ACT,1.0466634317262768,0
AAC,AGA,1.030529911180672,0
AAC,AGC,1.0699840700456362,0
AAC,AGG,1.0466868334038633,0
AAC,AGT,1.0278868981014961,0
AAC,ATA,1.0121854747091068,0
AAC,ATC,1.0462905866687646,0
AAC,ATG,1.0050321377655744,0
AAC,ATT,1.00461084771321,0
AAC,CAA,1.0175379029807312,0
AAC,CAC,1.0907569637585595,0
AAC,CAG,1.0571049889486157,0
AAC,CAT,1.0354799202159317,0
AAC,CCA,1.0477466312695456,2.4
AAC,CCC,1.0994088603549448,0
AAC,CCG,1.0631578175724026,0
AAC,CCT,1.0592936046530392,0
AAC,CGA,1.057828500269365,0
AAC,CGC,1.0885272053027515,0
AAC,CGG,1.0736120549758923,0
AAC,CGT,1.0559790827385316,2.4
AAC,CTA,1.0468888018692066,2.4
AAC,CTC,1.0870670359148602,2.4
AAC,CTG,1.067529877555522,0
AAC,CTT,1.0301875496829902,0
AAC,GAA,1.0091577220513208,1.7142857142857142
AAC,GAC,1.072287994042821,0
AAC,GAG,1.0299908479403763,0
AAC,GAT,1.0137488488104376,0
AAC,GCA,1.0264904701582342,0
AAC,GCC,1.0811523178997122,0
AAC,GCG,1.048024556816485,0
AAC,GCT,1.0279027388507038,0.0
AAC,GGA,1.0264894717854363,1.5999999999999999
AAC,GGC,1.0723378752171717,1.5999999999999999
AAC,GGG,1.034338296623818,0
AAC,GGT,1.03162516265051,0
AAC,GTA,1.0148580532994613,1.5999999999999999
AAC,GTC,1.07358376169246,0
AAC,GTG,1.0263284985723269,0
AAC,GTT,1.0204715981471888,0
AAC,TAA,1.0149275992187912,0
AAC,TAC,1.0550977946585696,2.4
AAC,TAG,0.9701687265896153,0
AAC,TAT,1.013002703675453,0
AAC,TCA,1.042930726219291,0
AAC,TCC,1.0944136294301032,0
AAC,TCG,1.0587957867252327,0
AAC,TCT,1.0470033850480407,0
AAC,TGA,0.9670523907474997,0
AAC,TGC,1.0738276805772005,0
AAC,TGG,1.0447368366671521,2.4
AAC,TGT,1.0361534777429402,0
AAC,TTA,1.0059282193557595,0
AAC,TTC,1.0511895925620338,0
AAC,TTG,1.027998678998067,0
AAC,TTT,1.0114199344309986,0
AAG,AAT,1.0060304106352471,0
AAG,ACA,1.011740510089875,0
AAG,ACC,1.0253915238749527,0
AAG,ACG,1.0280288376011189,0
AAG,ACT,1.014906280425535,0
AAG,AGA,1.0273723427338741,0
AAG,AGC,1.0278991471540324,0
AAG,AGG,1.0459373516347013,0
AAG,AGT,1.0189180239661233,0
AAG,ATA,1.012554395296643,0
AAG,ATC,1.015109653816179,0
AAG,ATG,1.003752308086925,0
AAG,ATT,1.0026782413448156,0
AAG,CAA,1.0095784702470192,0
AAG,CAC,1.03239105969552,0
AAG,CAG,1.0359845811168067,0
AAG,CAT,1.0239499526648022,0
AAG,CCA,1.0157204438258718,0
AAG,CCC,1.024580541378107,0
AAG,CCG,1.039033223452607,0
AAG,CCT,1.021717211179023,0
AAG,CGA,1.0334600556892948,0
AAG,CGC,1.028556965574295,0
AAG,CGG,1.0488075507179397,0
AAG,CGT,1.0232227600765709,0
AAG,CTA,1.0191746547912663,0
AAG,CTC,1.0273882922532758,0
AAG,CTG,1.0345675249056276,0
AAG,CTT,1.0107029229051816,0
AAG,GAA,1.0067011479017716,0
AAG,GAC,1.0260258249381375,0
AAG,GAG,1.0245509249439007,0
AAG,GAT,1.010812804453723,0
AAG,GCA,1.0109673408815698,0
AAG,GCC,1.030194017209136,0
AAG,GCG,1.0313866257775137,0
AAG,GCT,1.0128159804291246,0
AAG,GGA,1.0092885089352963,0
AAG,GGC,1.023235169763545,0
AAG,GGG,1.0299071869957237,0
AAG,GGT,1.0113438458091988,0
AAG,GTA,1.0069813866901856,0
AAG,GTC,1.0293773840614384,0
AAG,GTG,1.024939192618431,0
AAG,GTT,1.0091147130407752,0
AAG,TAA,0.9952435029450092,0
AAG,TAC,1.0240016455749865,0
AAG,TAG,1.010466976183799,0
AAG,TAT,1.0124568959719547,0
AAG,TCA,1.0151015737915527,0
AAG,TCC,1.025541295698187,0
AAG,TCG,1.0422853065604833,0
AAG,TCT,1.0128095571193927,0
AAG,TGA,1.0095386573733345,0
AAG,TGC,1.021943854227627,0
AAG,TGG,1.025602111378822,0
AAG,TGT,1.0222276802161365,0
AAG,TTA,1.0024876799476887,0
AAG,TTC,1.0100844788917074,0
AAG,TTG,1.0236988979677495,0
AAG,TTT,1.004319576840779,0
AAT,ACA,1.0075712689852947,0
AAT,ACC,1.0257899870563354,0
AAT,ACG,1.0160925499939901,0
AAT,ACT,1.0108746111385598,0
AAT,AGA,1.0150498145279345,0
AAT,AGC,1.0131390158588602,0
AAT,AGG,1.0243948849778162,0
AAT,AGT,1.012310669911513,0
AAT,ATA,1.0133105042349895,0
AAT,ATC,1.0080537291332476,0
AAT,ATG,1.001133771470059,0
AAT,ATT,1.003990637298053,0
AAT,CAA,1.006000455953248,0
AAT,CAC,1.0202191823692879,0
AAT,CAG,1.0179924744705047,0
AAT,CAT,1.0119274076993021,0
AAT,CCA,1.011594778756573,0
AAT,CCC,1.0278719978595117,0
AAT,CCG,1.0195174243803138,0
AAT,CCT,1.0157599731869673,0
AAT,CGA,1.0196837661062361,0
AAT,CGC,1.0142186238211457,0
AAT,CGG,1.0226205910812878,0
AAT,CGT,1.0127765417916255,0
AAT,CTA,1.0157011736200425,0
AAT,CTC,1.017201504795679,0
AAT,CTG,1.0208273098203786,0
AAT,CTT,1.0072525811316593,0
AAT,GAA,1.0025553835691885,0
AAT,GAC,1.0160611519229605,0
AAT,GAG,1.0097564563220784,0
AAT,GAT,1.0079143330571667,0
AAT,GCA,1.0077582432939238,0
AAT,GCC,1.0200267360989757,0
AAT,GCG,1.0127635413468057,0
AAT,GCT,1.0063937749325702,0
AAT,GGA,1.0081656439133304,0
AAT,GGC,1.0137250360357553,0
AAT,GGG,1.0154687528095017,0
AAT,GGT,1.0050340348668594,0
AAT,GTA,1.0052502613985266,0
AAT,GTC,1.0201605869304857,0
AAT,GTG,1.0138289082639556,0
AAT,GTT,1.0068098528465508,0
AAT,TAA,0.9982801028507581,0
AAT,TAC,1.0096007163627287,0
AAT,TAG,1.0035860465691426,0
AAT,TAT,1.008682903476752,0
AAT,TCA,1.0117301091617579,0
AAT,TCC,1.0197662834177776,0
AAT,TCG,1.0229491617111521,0
AAT,TCT,1.0110640215898636,0
AAT,TGA,1.0036473764016427,0
AAT,TGC,1.015623729046871,0
AAT,TGG,1.0149676116055955,0
AAT,TGT,1.0150816552400685,0
AAT,TTA,1.003414773257142,0
AAT,TTC,1.0085736346348815,0
AAT,TTG,1.0129228811110202,0
AAT,TTT,1.005056869012225,0
ACA,ACC,1.0354133132103334,0
ACA,ACG,1.0271722007674875,0
ACA,ACT,1.0219233329038422,0
ACA,AGA,1.0188703257096365,0
ACA,AGC,1.0276414032312673,0
ACA,AGG,1.0269586863481526,0
ACA,AGT,1.0183061115084704,0
ACA,ATA,1.0136623941365224,0
ACA,ATC,1.0206153729854448,0
ACA,ATG,1.0016193477784467,0
ACA,ATT,1.0024730180012744,0
ACA,CAA,1.0085029622575883,0
ACA,CAC,1.0369802897296556,0
ACA,CAG,1.025822455593114,0
ACA,CAT,1.0187205473194374,0
ACA,CCA,1.0251508023203617,0
ACA,CCC,1.039796284306623,0
ACA,CCG,1.0309536755484279,0
ACA,CCT,1.02692880718395,0
ACA,CGA,1.029974008506583,0
ACA,CGC,1.034958658847421,0
ACA,CGG,1.033839428745614,0
ACA,CGT,1.0224918295552945,0.0
ACA,CTA,1.0252439357233656,0
ACA,CTC,1.0310896545152812,0
ACA,CTG,1.0370565480207605,0
ACA,CTT,1.0167894669302895,0
ACA,GAA,1.0036962182098845,1.0285714285714285
ACA,GAC,1.0260776401975154,0
ACA,GAG,1.0139366376039873,0
ACA,GAT,1.0093822429906543,0
ACA,GCA,1.0166464815445786,0
ACA,GCC,1.0341801927346095,0
ACA,GCG,1.0300680428073101,0
ACA,GCT,1.0176515968695146,0
ACA,GGA,1.0133134883491293,0
ACA,GGC,1.0323939944528904,0
ACA,GGG,1.0254125042729103,0
ACA,GGT,1.0164915356056057,0
ACA,GTA,1.0083582842266436,0
ACA,GTC,1.032036656487935,0
ACA,GTG,1.017262343425998,0
ACA,GTT,1.0111117053163639,0
ACA,TAA,1.0051708803834305,0
ACA,TAC,1.020826090339745,1.5999999999999999
ACA,TAG,0.9879993405952398,0
ACA,TAT,1.0092119126250765,0
ACA,TCA,1.0227514541533234,0
ACA,TCC,1.0352068283304485,0
ACA,TCG,1.0345553907922065,0
ACA,TCT,1.0226717632173996,0
ACA,TGA,0.9902509114195535,0
ACA,TGC,1.0273723337159317,0
ACA,TGG,1.0219412883920544,0
ACA,TGT,1.019566840083253,0
ACA,TTA,1.0045894600284684,0
ACA,TTC,1.0216270394396045,0
ACA,TTG,1.017073810577791,0
ACA,TTT,1.0056305286062668,0
ACC,ACG,1.083161055263086,0
ACC,ACT,1.094511040032641,0
ACC,AGA,1.097415316119839,0
ACC,AGC,1.1549921774445389,0
ACC,AGG,1.2592268258636647,0
ACC,AGT,1.0729523591468368,0
ACC,ATA,1.1006613808150862,0
ACC,ATC,1.0898755414933785,0
ACC,ATG,1.007833325101319,0
ACC,ATT,1.0104321367062699,0
ACC,CAA,1.0278219948753136,0
ACC,CAC,1.189145259658745,0
ACC,CAG,1.1289360056450644,0
ACC,CAT,1.0771996710728124,0
ACC,CCA,1.0883063289213448,0
ACC,CCC,1.5803284150458417,0
ACC,CCG,1.109518524952288,0
ACC,CCT,1.1380909972135418,0
ACC,CGA,1.185849718786252,0
ACC,CGC,1.1208563137282066,0
ACC,CGG,1.3750724032387873,0
ACC,CGT,1.0862991418203718,0.0
ACC,CTA,1.1019340383648304,0
ACC,CTC,1.3564531729206566,0
ACC,CTG,1.2079828503794061,0
ACC,CTT,1.0534128215184981,0
ACC,GAA,1.0103872322319216,1.7142857142857142
ACC,GAC,1.1197540650082456,0
ACC,GAG,1.0461708325502725,0
ACC,GAT,1.028449480830671,0
ACC,GCA,1.0337598912308292,0
ACC,GCC,1.2976451077779274,0
ACC,GCG,1.0450768691935768,0
ACC,GCT,1.0517615515615544,0.0
ACC,GGA,1.0370411837773503,0
ACC,GGC,1.125567598263144,4.0
ACC,GGG,1.1014456168961049,0
ACC,GGT,1.039494658914546,0
ACC,GTA,1.023699714147204,0
ACC,GTC,1.199678158991708,0
ACC,GTG,1.0439985247152375,0
ACC,GTT,1.0344082969786412,0
ACC,TAA,0.9563888513429329,0
ACC,TAC,1.1081511190052815,4.0
ACC,TAG,1.0593045157598588,0
ACC,TAT,1.0365128916825652,0
ACC,TCA,1.0749117894884668,0
ACC,TCC,1.3834441802529807,0
ACC,TCG,1.1907458503355388,0
ACC,TCT,1.0767083439720997,0
ACC,TGA,1.124049385927898,0
ACC,TGC,1.1762727392724286,0
ACC,TGG,1.111823319639695,0
ACC,TGT,1.0839790111912022,0
ACC,TTA,1.0115196436110054,0
ACC,TTC,1.0988848815692311,0
ACC,TTG,1.1003277415326507,0
ACC,TTT,1.0217397799431136,0
ACG,ACT,1.0448453539044205,0
ACG,AGA,1.047728539090892,0
ACG,AGC,1.0705987937379384,0
ACG,AGG,1.0852752449284473,0
ACG,AGT,1.0483643288444717,0
ACG,ATA,1.0361901377944134,0
ACG,ATC,1.0456059338700505,0
ACG,ATG,1.006418978329043,0
ACG,ATT,1.0084077724318996,0
ACG,CAA,1.0194722951787947,0
ACG,CAC,1.0882883962197163,0
ACG,CAG,1.0785177755487663,0
ACG,CAT,1.0537814960705356,0
ACG,CCA,1.057991466392983,0
ACG,CCC,1.0896855529732605,0
ACG,CCG,1.1091594084490977,0
ACG,CCT,1.0632763093607855,0
ACG,CGA,1.0846826443421818,0
ACG,CGC,1.0931747806136347,0
ACG,CGG,1.1246018301720946,0
ACG,CGT,1.0610201884926644,0
ACG,CTA,1.0587493938145909,0
ACG,CTC,1.0969880948162376,0
ACG,CTG,1.0996739276426404,0
ACG,CTT,1.0385131950939144,0
ACG,GAA,1.0087656348134642,0
ACG,GAC,1.0633998130994,0
ACG,GAG,1.0402146294195551,0
ACG,GAT,1.0205662542406706,0
ACG,GCA,1.0282090244834858,0
ACG,GCC,1.092831750298227,0
ACG,GCG,1.0867314860823258,0
ACG,GCT,1.0335691083141318,0
ACG,GGA,1.0312489969317589,0
ACG,GGC,1.078023167683945,0
ACG,GGG,1.077647331130278,0
ACG,GGT,1.0355902998650597,0
ACG,GTA,1.0193392717838936,0
ACG,GTC,1.089209475389738,0
ACG,GTG,1.0611610451530396,0
ACG,GTT,1.0251459986000342,0
ACG,TAA,0.9946849618148039,0
ACG,TAC,1.0636012293881767,0
ACG,TAG,1.0066045744139012,0
ACG,TAT,1.025330640850556,0
ACG,TCA,1.044833125365953,0
ACG,TCC,1.0887436626987235,0
ACG,TCG,1.1088943594895573,0
ACG,TCT,1.0462629165585389,0
ACG,TGA,1.015740148237928,0
ACG,TGC,1.091441210500825,0
ACG,TGG,1.0543869766546736,0
ACG,TGT,1.060871490690121,0
ACG,TTA,1.0070525105778707,0
ACG,TTC,1.0487726766463799,0
ACG,TTG,1.0572588922712045,0
ACG,TTT,1.0171926997513203,0
ACT,AGA,1.0334281049398981,0
ACT,AGC,1.0626945762169058,0
ACT,AGG,1.0529113250709548,0
ACT,AGT,1.0320190705546655,0
ACT,ATA,1.0232689259179233,0
ACT,ATC,1.041167797727879,0
ACT,ATG,1.00513586056467,0
ACT,ATT,1.0078098089782876,0
ACT,CAA,1.016428986860331,0
ACT,CAC,1.0753906753246254,0
ACT,CAG,1.0484293458938998,0
ACT,CAT,1.0341840511411773,0
ACT,CCA,1.04541342065776,0
ACT,CCC,1.0906426750995701,0
ACT,CCG,1.056542534875674,0
ACT,CCT,1.064944071127103,0
ACT,CGA,1.0480796563710462,0
ACT,CGC,1.0710388986570722,0
ACT,CGG,1.064165223219337,0
ACT,CGT,1.0457081668190644,0
ACT,CTA,1.0510570839335385,0
ACT,CTC,1.0735695865106345,0
ACT,CTG,1.0652070152862767,0
ACT,CTT,1.036110120318095,0
ACT,GAA,1.0077014854154156,0
ACT,GAC,1.0541191160124224,0
ACT,GAG,1.0216841769360383,0
ACT,GAT,1.0161781641961232,0
ACT,GCA,1.0253132746002744,0
ACT,GCC,1.082287101301244,0
ACT,GCG,1.0436786199915853,0
ACT,GCT,1.0319336544788753,0
ACT,GGA,1.024533043412754,0
ACT,GGC,1.068563009070376,0
ACT,GGG,1.0373843806572338,0
ACT,GGT,1.0289069812429334,0
ACT,GTA,1.014929873810206,0
ACT,GTC,1.0661168837425925,0
ACT,GTG,1.02423362007234,0
ACT,GTT,1.023823718375403,0
ACT,TAA,1.01341566711682,0
ACT,TAC,1.0509723556505266,0
ACT,TAG,0.9833801346744043,0
ACT,TAT,1.013032653552042,0
ACT,TCA,1.0378011953838635,0
ACT,TCC,1.0878076196301374,0
ACT,TCG,1.0639245003508344,0
ACT,TCT,1.0476144061910568,0
ACT,TGA,0.9602197389085976,0
ACT,TGC,1.0710030307067377,0
ACT,TGG,1.0458679368450288,0
ACT,TGT,1.0457252493081683,0
ACT,TTA,1.006627684844336,0
ACT,TTC,1.0530329245762187,0
ACT,TTG,1.0296339644060901,0
ACT,TTT,1.0087129193360196,0
AGA,AGC,1.0457222448067043,0
AGA,AGG,1.143169365410187,0
AGA,AGT,1.0422233932963947,0
AGA,ATA,1.0526285916588887,0
AGA,ATC,1.0225736854124254,0
AGA,ATG,1.0048760405898818,0
AGA,ATT,1.0064750725277496,0
AGA,CAA,1.0123909480627662,0
AGA,CAC,1.0577400653095397,0
AGA,CAG,1.0764587728513464,0
AGA,CAT,1.0452193448570368,0
AGA,CCA,1.0389976912392942,0.0
AGA,CCC,1.1162778033462637,0
AGA,CCG,1.0809620159688482,0
AGA,CCT,1.049331409090562,0
AGA,CGA,1.0959769335090064,0
AGA,CGC,1.0478629253161016,0
AGA,CGG,1.1421206892567457,0
AGA,CGT,1.0403054406592238,0.0
AGA,CTA,1.046877721612712,0.0
AGA,CTC,1.0816302665242186,0.0
AGA,CTG,1.0954911939824938,0
AGA,CTT,1.0240953838663938,0
AGA,GAA,1.010090191518015,0.0
AGA,GAC,1.0489016466050824,0
AGA,GAG,1.0331054355509748,0
AGA,GAT,1.0174011099899092,0
AGA,GCA,1.0207461299718117,0
AGA,GCC,1.0813438189361824,0
AGA,GCG,1.0518499070822926,0
AGA,GCT,1.0194963837533395,0.0
AGA,GGA,1.0272145609342611,4.0
AGA,GGC,1.0413872180100745,0.0
AGA,GGG,1.0640598862214015,0
AGA,GGT,1.0214050798599408,0
AGA,GTA,1.0110677244937052,0.0
AGA,GTC,1.0647375676866444,0
AGA,GTG,1.0421052132995117,0
AGA,GTT,1.0154131344537385,0
AGA,TAA,0.9901438639077628,0
AGA,TAC,1.0469036914493182,0.0
AGA,TAG,1.0092052351762881,0
AGA,TAT,1.022392375735639,0
AGA,TCA,1.0337964759760923,0
AGA,TCC,1.0894112375500282,0
AGA,TCG,1.0905682452958902,0
AGA,TCT,1.0300524860963582,0
AGA,TGA,1.032224479100384,0
AGA,TGC,1.0679540116938722,0.0
AGA,TGG,1.04829676700913,0.0
AGA,TGT,1.0534360956387372,0
AGA,TTA,1.006512807765814,0
AGA,TTC,1.025148234777842,0
AGA,TTG,1.0601252683846247,0
AGA,TTT,1.0115124902174433,0
AGC,AGG,1.0990840078792095,0
AGC,AGT,1.0463229605075026,0
AGC,ATA,1.0269778877381677,0
AGC,ATC,1.069304242699467,2.0
AGC,ATG,1.007816399183212,2.4
AGC,ATT,1.0057623819503394,0
AGC,CAA,1.0218233123401708,0
AGC,CAC,1.1269172768727562,0.0
AGC,CAG,1.0822622654773515,0
AGC,CAT,1.0526071725031356,0
AGC,CCA,1.0655401945724527,6.0
AGC,CCC,1.1517270971452207,0
AGC,CCG,1.1021721305705543,0
AGC,CCT,1.090750731246304,0
AGC,CGA,1.1034761215115425,0
AGC,CGC,1.1471540990775742,0
AGC,CGG,1.1327518500758174,0
AGC,CGT,1.0733566046932232,6.0
AGC,CTA,1.072661078506493,0.0
AGC,CTC,1.1457495919047371,6.0
AGC,CTG,1.1174253440392825,0
AGC,CTT,1.0464919022797718,0
AGC,GAA,1.0075644393524865,1.7142857142857142
AGC,GAC,1.0861158242788853,2.4
AGC,GAG,1.0351004732808389,0
AGC,GAT,1.017282439970895,0
AGC,GCA,1.0346521737133907,0.0
AGC,GCC,1.1426864457630106,0
AGC,GCG,1.0806735459686623,0
AGC,GCT,1.0451237230492745,0.0
AGC,GGA,1.0365200388973013,4.0
AGC,GGC,1.118500729729111,0.0
AGC,GGG,1.0686532084964957,0
AGC,GGT,1.036849619204202,0
AGC,GTA,1.0197494069398092,1.0
AGC,GTC,1.1151873736631859,0
AGC,GTG,1.0522027072944091,0
AGC,GTT,1.02355056627979,0
AGC,TAA,1.0142308600467096,0
AGC,TAC,1.0790084813252334,0.0
AGC,TAG,0.9672727799276718,0
AGC,TAT,1.022552319827561,0
AGC,TCA,1.0579908207242672,3.0
AGC,TCC,1.1446513493382227,0
AGC,TCG,1.1167826463980985,0
AGC,TCT,1.0576578571615212,0
AGC,TGA,0.9728699973337257,0
AGC,TGC,1.1368187022923382,0.0
AGC,TGG,1.071975345531694,0.0
AGC,TGT,1.067043316039379,0
AGC,TTA,1.0080593922843206,0.0
AGC,TTC,1.0819017404866829,1.5
AGC,TTG,1.0478646653452006,0.0
AGC,TTT,1.0165077241410179,0
AGG,AGT,1.0751375865850301,0
AGG,ATA,1.111543941014536,0
AGG,ATC,1.0429639906722825,0
AGG,ATG,1.0076399397732372,0
AGG,ATT,1.010969405605043,0
AGG,CAA,1.0193382283760897,0
AGG,CAC,1.0877658875877974,0
AGG,CAG,1.1490517243238696,0
AGG,CAT,1.0768368472093761,0
AGG,CCA,1.0519956944356144,0
AGG,CCC,1.275797735034815,0
AGG,CCG,1.1366450475072158,0
AGG,CCT,1.0816135840217571,0
AGG,CGA,1.194756315386578,0
AGG,CGC,1.0416800338823742,0
AGG,CGG,1.4691609593113124,0
AGG,CGT,1.0640806485324417,0
AGG,CTA,1.0683072846885373,0
AGG,CTC,1.2049886608936526,0
AGG,CTG,1.2371718652776322,0
AGG,CTT,1.0315100699763846,0
AGG,GAA,1.0125841037601302,0
AGG,GAC,1.0586172827239675,0
AGG,GAG,1.061265971979276,0
AGG,GAT,1.0226721183800624,0
AGG,GCA,1.0289178744349896,0
AGG,GCC,1.1695400008116692,0
AGG,GCG,1.0850333695990653,0
AGG,GCT,1.0328319403845363,0
AGG,GGA,1.032639160527192,0
AGG,GGC,1.056989028850061,0
AGG,GGG,1.1409614251946392,0
AGG,GGT,1.0310933545394563,0
AGG,GTA,1.0176875484157129,0
AGG,GTC,1.1168625175009275,0
AGG,GTG,1.0797908848802118,0
AGG,GTT,1.0250826256780048,0
AGG,TAA,0.9285315108555676,0
AGG,TAC,1.0659250322435716,0
AGG,TAG,1.0740270609568978,0
AGG,TAT,1.036236344967247,0
AGG,TCA,1.0552467392420664,0
AGG,TCC,1.1909243704453776,0
AGG,TCG,1.216552304454924,0
AGG,TCT,1.0539315415795136,0
AGG,TGA,1.2264011730967341,0
AGG,TGC,1.1577575075667303,0
AGG,TGG,1.0931779862794138,0
AGG,TGT,1.1123204991221691,0
AGG,TTA,1.0073295116708085,0
AGG,TTC,1.030615974473591,0
AGG,TTG,1.130347538541577,0
AGG,TTT,1.0221426573752534,0
AGT,ATA,1.0349329739654005,0
AGT,ATC,1.0276166622586056,0
AGT,ATG,1.0031160732597588,0
AGT,ATT,1.0062553270295627,0
AGT,CAA,1.0104771329271842,0
AGT,CAC,1.0496348422732849,0
AGT,CAG,1.052843882427656,0
AGT,CAT,1.029260425513276,0
AGT,CCA,1.0365339619281724,0
AGT,CCC,1.0796506915697102,0
AGT,CCG,1.0599321358042475,0
AGT,CCT,1.045464695827439,0
AGT,CGA,1.0576316202104141,0
AGT,CGC,1.0478052153759685,0
AGT,CGG,1.0744445981502209,0
AGT,CGT,1.033018998268339,0
AGT,CTA,1.0398015609450757,0
AGT,CTC,1.070306078982117,0
AGT,CTG,1.0663172313632394,0
AGT,CTT,1.03173201616235,0
AGT,GAA,1.006995619984715,0
AGT,GAC,1.0354184903614196,0
AGT,GAG,1.0197415574486997,0
AGT,GAT,1.012692385136372,0
AGT,GCA,1.0190596228169917,0
AGT,GCC,1.0743679337969076,0
AGT,GCG,1.0468811803243436,0
AGT,GCT,1.0255809486485374,0
AGT,GGA,1.0247851129953003,0
AGT,GGC,1.0508724093109612,0
AGT,GGG,1.0492959618767872,0
AGT,GGT,1.0267748144573314,0
AGT,GTA,1.0146362292857836,0
AGT,GTC,1.0596675153512058,0
AGT,GTG,1.038178570135906,0
AGT,GTT,1.015545464597556,0
AGT,TAA,0.9996274977283204,0
AGT,TAC,1.0390619363856723,0
AGT,TAG,0.9972307599837169,0
AGT,TAT,1.0187742231145658,0
AGT,TCA,1.0347798275310631,0
AGT,TCC,1.0713296521829885,0
AGT,TCG,1.065490849328267,0
AGT,TCT,1.0336500027034865,0
AGT,TGA,1.0043288414377773,0
AGT,TGC,1.0498739836416593,0
AGT,TGG,1.0421819770904392,0
AGT,TGT,1.0438426818886135,0
AGT,TTA,1.0072484956636953,0
AGT,TTC,1.0330594246887603,0
AGT,TTG,1.0395762119375762,0
AGT,TTT,1.0124468254587766,0
ATA,ATC,1.0147443578735742,0
ATA,ATG,1.001842831997826,0
ATA,ATT,1.008487665630863,0
ATA,CAA,1.0075884571313447,0
ATA,CAC,1.0287508423793539,0
ATA,CAG,1.0501914059776862,0
ATA,CAT,1.0266128641146655,0
ATA,CCA,1.021009410643557,0
ATA,CCC,1.1123980196546355,0
ATA,CCG,1.049374356401112,0
ATA,CCT,1.033871858515441,0
ATA,CGA,1.0759531545695262,0
ATA,CGC,0.9885994125732377,0
ATA,CGG,1.120627873336866,0
ATA,CGT,1.0110835421299653,0
ATA,CTA,1.035363164002077,0
ATA,CTC,1.0919311427118585,0
ATA,CTG,1.0751665613355084,0
ATA,CTT,1.0218434100948026,0
ATA,GAA,1.0040213847544057,0
ATA,GAC,1.0137326960832402,0
ATA,GAG,1.0121989344944868,0
ATA,GAT,1.009070262664165,0
ATA,GCA,1.0086035592382934,0
ATA,GCC,1.0790151490463176,0
ATA,GCG,1.0243406962753612,0
ATA,GCT,1.012576406509575,0
ATA,GGA,1.0171342063711992,0
ATA,GGC,1.0193086014420198,0
ATA,GGG,1.0547028427617011,0
ATA,GGT,1.00940330198471,0
ATA,GTA,1.0098109342235957,0
ATA,GTC,1.0654131303255314,0
ATA,GTG,1.0315547427390506,0
ATA,GTT,1.0125454995666707,0
ATA,TAA,0.978062793027254,0
ATA,TAC,1.0251861205213473,0
ATA,TAG,1.0361003612332333,0
ATA,TAT,1.0231450607799764,0
ATA,TCA,1.0232738181143435,0
ATA,TCC,1.0834994784706693,0
ATA,TCG,1.0770824445489955,0
ATA,TCT,1.0181770615720678,0
ATA,TGA,1.056142462425312,0
ATA,TGC,1.0474526643568045,0
ATA,TGG,1.0444124020138934,0
ATA,TGT,1.0473862637108344,0
ATA,TTA,1.0084979906895317,0
ATA,TTC,1.017610818552757,0
ATA,TTG,1.0561352422156118,0
ATA,TTT,1.0184323431571167,0
ATC,ATG,1.0061225100056184,0
ATC,ATT,1.0070724280705996,0
ATC,CAA,1.0138502979242663,0
ATC,CAC,1.087739455478324,0
ATC,CAG,1.0408896949817448,0
ATC,CAT,1.0305144296289526,0
ATC,CCA,1.0475873586055957,0.0
ATC,CCC,1.0972226179582578,0
ATC,CCG,1.064696711514602,0
ATC,CCT,1.0607899133416734,0
ATC,CGA,1.0602595696312613,0
ATC,CGC,1.0806441861968588,0
ATC,CGG,1.0708114932006436,0
ATC,CGT,1.0464734181595714,0.0
ATC,CTA,1.0528027181165136,4.0
ATC,CTC,1.0870309994241192,0.0
ATC,CTG,1.0785902900588942,0
ATC,CTT,1.0340185656193364,0
ATC,GAA,1.0055307720938398,1.1428571428571428
ATC,GAC,1.06161127018746,0
ATC,GAG,1.0226451452745684,0
ATC,GAT,1.0107139264990328,0
ATC,GCA,1.0240218458803436,2.0
ATC,GCC,1.0858153428589254,0
ATC,GCG,1.0498326738684005,0
ATC,GCT,1.0330614609872273,0.0
ATC,GGA,1.0268923364513494,1.3333333333333333
ATC,GGC,1.0805052630478138,0.0
ATC,GGG,1.0455129519540949,0
ATC,GGT,1.033007461789158,0
ATC,GTA,1.0138199609015401,0.6666666666666666
ATC,GTC,1.0758114999120802,0
ATC,GTG,1.0271086974038566,0
ATC,GTT,1.0228363557815983,0
ATC,TAA,1.009473276136758,0
ATC,TAC,1.0566631343279993,1.3333333333333333
ATC,TAG,1.005685499004013,0
ATC,TAT,1.0142710409652684,0
ATC,TCA,1.0401240249112589,0
ATC,TCC,1.0930091970687563,0
ATC,TCG,1.0653807290233912,0
ATC,TCT,1.0393875433481543,0
ATC,TGA,0.9545229812972634,0
ATC,TGC,1.0771867564555446,0.0
ATC,TGG,1.0459707957610267,2.0
ATC,TGT,1.0411339412535465,0
ATC,TTA,1.0077965171130976,0
ATC,TTC,1.0547706111111532,0
ATC,TTG,1.0315139482659657,0
ATC,TTT,1.0104017519065007,0
ATG,ATT,1.001065875457689,0
ATG,CAA,1.0017996570573555,0
ATG,CAC,1.0085239099502332,1.2
ATG,CAG,1.0072726255277444,0
ATG,CAT,1.0067563726438735,0
ATG,CCA,1.0051971534477637,2.4
ATG,CCC,1.0073138067984058,0
ATG,CCG,1.0082343846869883,0
ATG,CCT,1.0061216836460611,0
ATG,CGA,1.0068746469132561,0
ATG,CGC,1.011971013661859,0
ATG,CGG,1.0107777066938304,0
ATG,CGT,1.0076304601002921,2.4
ATG,CTA,1.006040104534411,2.4
ATG,CTC,1.0101832006005294,2.4
ATG,CTG,1.0105902564534408,0
ATG,CTT,1.0052212022391351,0
ATG,GAA,1.0008587687546073,1.7142857142857142
ATG,GAC,1.0077921270885262,1.9199999999999997
ATG,GAG,1.0045388842718093,0
ATG,GAT,1.0027406021155412,0
ATG,GCA,1.0031830028471436,0.0
ATG,GCC,1.008069917038,0
ATG,GCG,1.0088433941973405,0
ATG,GCT,1.0035954305459471,0.0
ATG,GGA,1.0039997309345605,1.5999999999999999
ATG,GGC,1.0079375224886449,0.7999999999999999
ATG,GGG,1.007891576821146,0
ATG,GGT,1.0032798003294119,0
ATG,GTA,1.0018564014480709,1.2
ATG,GTC,1.0086632793283108,0
ATG,GTG,0.9996546081344366,0
ATG,GTT,1.0023675721667153,0
ATG,TAA,0.999139521748403,0
ATG,TAC,1.0073167886047134,1.5999999999999999
ATG,TAG,1.0058389905638607,0
ATG,TAT,1.0023399417435708,0
ATG,TCA,1.0055279464229832,2.4
ATG,TCC,1.0090907277790864,0
ATG,TCG,1.0077479558050335,0
ATG,TCT,1.0063404072150304,0
ATG,TGA,0.9977879820911875,0
ATG,TGC,1.0091779478535712,2.4
ATG,TGG,1.0071099357356026,2.4
ATG,TGT,1.0053450530583632,0
ATG,TTA,1.0010318870897306,0.0
ATG,TTC,1.0050216177738291,1.7999999999999998
ATG,TTG,1.0033350354029393,0
ATG,TTT,1.0004089045084603,0
ATT,CAA,1.0019627103869546,0
ATT,CAC,1.010401570843873,0
ATT,CAG,1.0088436039551119,0
ATT,CAT,1.005794553320024,0
ATT,CCA,1.0067048249421298,0
ATT,CCC,1.0117955194316572,0
ATT,CCG,1.01113599356325,0
ATT,CCT,1.008421927565181,0
ATT,CGA,1.0111869856787443,0
ATT,CGC,1.008158163721394,0
ATT,CGG,1.0096494563056613,0
ATT,CGT,1.0061712782984724,0
ATT,CTA,1.0073929800260875,0
ATT,CTC,1.0113650883469625,0
ATT,CTG,1.0120943757209953,0
ATT,CTT,1.006657681639227,0
ATT,GAA,1.0011875108382977,0
ATT,GAC,1.0086175443086896,0
ATT,GAG,1.0045212580770944,0
ATT,GAT,1.0042586263020832,0
ATT,GCA,1.003870952560241,0
ATT,GCC,1.0113857070506356,0
ATT,GCG,1.0077536491541548,0
ATT,GCT,1.0028635221640967,0
ATT,GGA,1.0032844556652112,0
ATT,GGC,1.008788292513798,0
ATT,GGG,1.0091158400393885,0
ATT,GGT,1.0034430945677466,0
ATT,GTA,1.0020194640134106,0
ATT,GTC,1.01221015725032,0
ATT,GTG,1.006574177494866,0
ATT,GTT,1.0054535480118443,0
ATT,TAA,0.9990619829827465,0
ATT,TAC,1.0066385407493266,0
ATT,TAG,1.0039805853544777,0
ATT,TAT,1.0043981739042895,0
ATT,TCA,1.0049472012362637,0
ATT,TCC,1.0114207509991118,0
ATT,TCG,1.0101744059629836,0
ATT,TCT,1.007823093158956,0
ATT,TGA,0.9999684823423536,0
ATT,TGC,1.0079879862422256,0
ATT,TGG,1.0070633907997617,0
ATT,TGT,1.0091238872376065,0
ATT,TTA,1.0020236191119494,0
ATT,TTC,1.0061786578509972,0
ATT,TTG,1.0077711417763817,0
ATT,TTT,1.003612469477348,0
CAA,CAC,1.0256974546442275,1.5
CAA,CAG,1.0271766000585487,0
CAA,CAT,1.0178922072804417,0
CAA,CCA,1.0179905910910225,3.0
CAA,CCC,1.0267115995208853,0
CAA,CCG,1.024393951348446,0
CAA,CCT,1.0208336273220404,0
CAA,CGA,1.0244968583616898,0
CAA,CGC,1.0276122660555465,0
CAA,CGG,1.0301584353706643,0
CAA,CGT,1.0238479171580503,3.0
CAA,CTA,1.0172457498988774,3.0
CAA,CTC,1.02335894167615,3.0
CAA,CTG,1.026077829343503,0
CAA,CTT,1.0124296491042646,0
CAA,GAA,1.0054266077204759,1.7142857142857142
CAA,GAC,1.02634719639573,1.7999999999999998
CAA,GAG,1.01592802282597,0
CAA,GAT,1.0092500838926173,0
CAA,GCA,1.0134084660790814,1.5
CAA,GCC,1.0234404924475826,0
CAA,GCG,1.020121977312068,0
CAA,GCT,1.011305827395559,0.0
CAA,GGA,1.0088955483228441,1.0
CAA,GGC,1.0227060783688207,2.0
CAA,GGG,1.0184107531008058,0
CAA,GGT,1.009770882101258,0
CAA,GTA,1.0077474776136812,2.0
CAA,GTC,1.0225367580713076,0
CAA,GTG,1.014089956250484,0
CAA,GTT,1.0077816577521888,0
CAA,TAA,1.0049005899251133,0
CAA,TAC,1.0201349235266468,3.0
CAA,TAG,0.9880737253330663,0
CAA,TAT,1.0061024838359496,0
CAA,TCA,1.0169795892027436,1.5
CAA,TCC,1.0303662665252065,3.0
CAA,TCG,1.02561813892412,0
CAA,TCT,1.0181544681957846,0
CAA,TGA,0.9913123238005106,0
CAA,TGC,1.0251468400323196,3.0
CAA,TGG,1.0155900910794415,3.0
CAA,TGT,1.0141903486876453,0
CAA,TTA,1.0020296265478392,0.0
CAA,TTC,1.0128675264374936,1.5
CAA,TTG,1.0122454999690904,3.0
CAA,TTT,1.0029020569381915,0
CAC,CAG,1.1091511514635903,0
CAC,CAT,1.0827175616062332,0
CAC,CCA,1.0838831785290473,0.0
CAC,CCC,1.2401757520458225,0
CAC,CCG,1.1332302034636272,0
CAC,CCT,1.1112211857711995,0
CAC,CGA,1.127821307273296,0
CAC,CGC,1.2046291345431723,0
CAC,CGG,1.1708744727503655,0
CAC,CGT,1.111714174689805,0.0
CAC,CTA,1.084884079293204,0.0
CAC,CTC,1.1742483513712496,0.0
CAC,CTG,1.1630111685329059,0
CAC,CTT,1.0654053011693332,0
CAC,GAA,1.0129186573899125,0.8571428571428571
CAC,GAC,1.1360030616833332,1.2
CAC,GAG,1.0593506235853227,0
CAC,GAT,1.0220763069139966,0
CAC,GCA,1.0416083510142717,0.0
CAC,GCC,1.1761077856213307,0
CAC,GCG,1.0931297400149698,0
CAC,GCT,1.0524732748438093,0.0
CAC,GGA,1.0396727530867151,0.0
CAC,GGC,1.1340515445079582,2.0
CAC,GGG,1.0779742516335546,0
CAC,GGT,1.0495776448212404,0
CAC,GTA,1.0259820172511747,2.0
CAC,GTC,1.1430979869713451,0
CAC,GTG,1.0586850170959254,0
CAC,GTT,1.0319999543461078,0
CAC,TAA,1.0094038102290848,0
CAC,TAC,1.1205537878369625,2.0
CAC,TAG,0.9672329750908192,0
CAC,TAT,1.0266622235107568,0
CAC,TCA,1.0694932947884044,0.0
CAC,TCC,1.1761992338082843,0
CAC,TCG,1.131992646372068,0
CAC,TCT,1.070742036785553,0
CAC,TGA,0.9931910019408825,0
CAC,TGC,1.1871669552149577,6.0
CAC,TGG,1.0942861064811644,3.0
CAC,TGT,1.0945674712250129,0
CAC,TTA,1.0104192743508416,0.0
CAC,TTC,1.0869556901960757,1.5
CAC,TTG,1.0568581116901834,0
CAC,TTT,1.0186523573023596,0
CAG,CAT,1.0601182621365148,0
CAG,CCA,1.0577324629367095,0
CAG,CCC,1.1469282775510952,0
CAG,CCG,1.1172135040738738,0
CAG,CCT,1.069999303174709,0
CAG,CGA,1.1187455858824087,0
CAG,CGC,1.1089108167795272,0
CAG,CGG,1.1915038678841412,0
CAG,CGT,1.073409846346008,0
CAG,CTA,1.0667619883979913,0
CAG,CTC,1.1397541517777223,0
CAG,CTG,1.146848905724354,0
CAG,CTT,1.0416686972727323,0
CAG,GAA,1.0125833711857386,0
CAG,GAC,1.074428376594084,0
CAG,GAG,1.04785682814762,0
CAG,GAT,1.023450496192015,0
CAG,GCA,1.0296410726152774,0
CAG,GCC,1.1190356883722874,0
CAG,GCG,1.083121240633357,0
CAG,GCT,1.0330621976004253,0
CAG,GGA,1.0318861635020804,0
CAG,GGC,1.072406751582482,0
CAG,GGG,1.0863150542850286,0
CAG,GGT,1.0296150283425385,0
CAG,GTA,1.0211307004076413,0
CAG,GTC,1.107259979320777,0
CAG,GTG,1.0626381060138719,0
CAG,GTT,1.0219706865385587,0
CAG,TAA,0.984145845155189,0
CAG,TAC,1.0777661273762429,0
CAG,TAG,1.0264826341406286,0
CAG,TAT,1.0335771583337228,0
CAG,TCA,1.052630718001131,0
CAG,TCC,1.143429560164281,0
CAG,TCG,1.1412540308234547,0
CAG,TCT,1.051014193891621,0
CAG,TGA,1.0401826036117818,0
CAG,TGC,1.0970842202296325,0
CAG,TGG,1.0677700145565976,0
CAG,TGT,1.0713751992015734,0
CAG,TTA,1.0095023622723145,0
CAG,TTC,1.0508790980371734,0
CAG,TTG,1.0767075117419926,0
CAG,TTT,1.016826155244246,0
CAT,CCA,1.0426973534366974,0
CAT,CCC,1.0816726800456942,0
CAT,CCG,1.0688479016102723,0
CAT,CCT,1.0511440963012748,0
CAT,CGA,1.0715158190431573,0
CAT,CGC,1.0686992203501553,0
CAT,CGG,1.081568817865076,0
CAT,CGT,1.0454360910283578,0
CAT,CTA,1.040056638199194,0
CAT,CTC,1.0703603080818738,0
CAT,CTG,1.0725313142338577,0
CAT,CTT,1.0285148249731173,0
CAT,GAA,1.0085852351229359,0
CAT,GAC,1.0571587748330047,0
CAT,GAG,1.030645581718655,0
CAT,GAT,1.015717042097489,0
CAT,GCA,1.0179830844797209,0
CAT,GCC,1.0668871022721025,0
CAT,GCG,1.0488535272182853,0
CAT,GCT,1.0235125488843628,0
CAT,GGA,1.0227134253045285,0
CAT,GGC,1.049604885260663,0
CAT,GGG,1.0514259132650923,0
CAT,GGT,1.0235387323669634,0
CAT,GTA,1.0132318630083967,0
CAT,GTC,1.0549896262224887,0
CAT,GTG,1.0361411133493823,0
CAT,GTT,1.0157765297782844,0
CAT,TAA,1.0001290415715474,0
CAT,TAC,1.0533336322639373,0
CAT,TAG,1.0070316805926056,0
CAT,TAT,1.0211656694080011,0
CAT,TCA,1.0334149325563653,0
CAT,TCC,1.0736654239395935,0
CAT,TCG,1.070887364689506,0
CAT,TCT,1.037704005767091,0
CAT,TGA,0.9924401053775712,0
CAT,TGC,1.0676901682298432,0
CAT,TGG,1.042153438705043,0
CAT,TGT,1.0452456650335362,0
CAT,TTA,1.0054590531107155,0
CAT,TTC,1.031881304196376,0
CAT,TTG,1.0375184712053283,0
CAT,TTT,1.0133757187533383,0
CCA,CCC,1.1036760549356666,0
CCA,CCG,1.083491197115633,0
CCA,CCT,1.0683327087493255,0
CCA,CGA,1.065015833670374,0
CCA,CGC,1.0884121590019125,0
CCA,CGG,1.0716406155337452,0
CCA,CGT,1.0612164527685408,12.0
CCA,CTA,1.0570637331065316,0
CCA,CTC,1.0765400730830827,12.0
CCA,CTG,1.0786098442892869,0
CCA,CTT,1.0386810414931902,0
CCA,GAA,1.0071875276414903,1.7142857142857142
CCA,GAC,1.0622210119312063,0
CCA,GAG,1.031453490487104,0
CCA,GAT,1.0172991307634167,0
CCA,GCA,1.0298562569032204,0
CCA,GCC,1.0739562057246388,0
CCA,GCG,1.0622684971424465,0
CCA,GCT,1.0339830381491804,0.0
CCA,GGA,1.029946718685168,0
CCA,GGC,1.0816400600940232,0.0
CCA,GGG,1.0566141036269823,0
CCA,GGT,1.038820152812325,0
CCA,GTA,1.018836322407751,2.0
CCA,GTC,1.0791055133107446,0
CCA,GTG,1.0385005230986066,0
CCA,GTT,1.0234092452547856,0
CCA,TAA,1.0043247898702536,0
CCA,TAC,1.061881362574039,0.0
CCA,TAG,1.0001083020272785,0
CCA,TAT,1.0174907478533406,0
CCA,TCA,1.0494190899803144,0
CCA,TCC,1.0845744573732394,0
CCA,TCG,1.0766082386196896,0
CCA,TCT,1.046269246310305,0
CCA,TGA,0.9817209240531697,0
CCA,TGC,1.0759372755469727,0
CCA,TGG,1.0553328138767244,0
CCA,TGT,1.048751220918475,0
CCA,TTA,1.008426644175887,0
CCA,TTC,1.0555985658505351,0
CCA,TTG,1.0367893853576673,0
CCA,TTT,1.0147622252004154,0
CCC,CCG,1.126192413926604,0
CCC,CCT,1.166703546675498,0
CCC,CGA,1.2195765598988584,0
CCC,CGC,1.1635932553848674,0
CCC,CGG,1.4597330947386629,0
CCC,CGT,1.10004983527772,0
CCC,CTA,1.1236724589201974,0
CCC,CTC,1.409354351600056,0
CCC,CTG,1.237230882855494,0
CCC,CTT,1.0665768005499443,0
CCC,GAA,1.012437980591179,0
CCC,GAC,1.1310081519283925,0
CCC,GAG,1.0379622335671328,0
CCC,GAT,1.0257620396600566,0
CCC,GCA,1.037237862823207,0
CCC,GCC,1.3672840997757612,0
CCC,GCG,1.0830673034680702,0
CCC,GCT,1.0626913429259586,0
CCC,GGA,1.0468488951253427,0
CCC,GGC,1.146433364582662,0
CCC,GGG,1.1127283078029009,0
CCC,GGT,1.0591453057788578,0
CCC,GTA,1.0270269822453832,0
CCC,GTC,1.2647094775710666,0
CCC,GTG,1.0740003955921944,0
CCC,GTT,1.0331534634244548,0
CCC,TAA,0.9551285098587722,0
CCC,TAC,1.1204636652973918,0
CCC,TAG,1.064652657392922,0
CCC,TAT,1.0397533566379153,0
CCC,TCA,1.0859123525200012,0
CCC,TCC,1.424582241029692,0
CCC,TCG,1.233017221872243,0
CCC,TCT,1.1010428742746472,0
CCC,TGA,1.1240073029867417,0
CCC,TGC,1.2708298987041327,0
CCC,TGG,1.1319046590826412,0
CCC,TGT,1.1242239196693022,0
CCC,TTA,1.0119424970770232,0
CCC,TTC,1.1144249635228962,0
CCC,TTG,1.115528435822704,0
CCC,TTT,1.0246741503182553,0
CCG,CCT,1.1011150152419715,0
CCG,CGA,1.134574696757015,0
CCG,CGC,1.1620757272149422,0
CCG,CGG,1.1924821406202966,0
CCG,CGT,1.0988324632094895,0
CCG,CTA,1.0730298328409895,0
CCG,CTC,1.1416635357061928,0
CCG,CTG,1.1686894596967894,0
CCG,CTT,1.0474408002453037,0
CCG,GAA,1.0109468371346784,0
CCG,GAC,1.0904529983106561,0
CCG,GAG,1.0539627593740055,0
CCG,GAT,1.0239355865784965,0
CCG,GCA,1.0345247053080593,0
CCG,GCC,1.142024456546511,0
CCG,GCG,1.1189352204609153,0
CCG,GCT,1.0478184284035772,0
CCG,GGA,1.0445589710497831,0
CCG,GGC,1.1260138452852357,0
CCG,GGG,1.1215599045187976,0
CCG,GGT,1.055868907730452,0
CCG,GTA,1.026417863752274,0
CCG,GTC,1.1284618807629023,0
CCG,GTG,1.087929760232845,0
CCG,GTT,1.0299559520657027,0
CCG,TAA,0.9876670410189237,0
CCG,TAC,1.0911633744842184,0
CCG,TAG,1.0467340008261412,0
CCG,TAT,1.0315329995173896,0
CCG,TCA,1.0638750057192379,0
CCG,TCC,1.12164548322138,0
CCG,TCG,1.1766623933834934,0
CCG,TCT,1.0612149556266166,0
CCG,TGA,1.0051768407335282,0
CCG,TGC,1.13369125518873,0
CCG,TGG,1.0875443698192093,0
CCG,TGT,1.089102324582745,0
CCG,TTA,1.0089554868613306,0
CCG,TTC,1.0673858653127504,0
CCG,TTG,1.0810931972150566,0
CCG,TTT,1.0208737279993747,0
CCT,CGA,1.0785296707442618,0
CCT,CGC,1.1039605370822423,0
CCT,CGG,1.0922113649933551,0
CCT,CGT,1.0646995925106877,0
CCT,CTA,1.0625179318317264,0
CCT,CTC,1.1146198856675735,0
CCT,CTG,1.0989289870395125,0
CCT,CTT,1.044394437076205,0
CCT,GAA,1.0088632427467772,0
CCT,GAC,1.0754166757145536,0
CCT,GAG,1.032109286103003,0
CCT,GAT,1.019716253153911,0
CCT,GCA,1.0282108730488457,0
CCT,GCC,1.1253678258310775,0
CCT,GCG,1.0621134048260155,0
CCT,GCT,1.0401800276395594,0
CCT,GGA,1.0390927486160322,0
CCT,GGC,1.0991549119917483,0
CCT,GGG,1.0674931217714978,0
CCT,GGT,1.0399365761489454,0
CCT,GTA,1.0217846834620385,0
CCT,GTC,1.0995399032316076,0
CCT,GTG,1.0438619577695472,0
CCT,GTT,1.0279153663232765,0
CCT,TAA,1.0086150243934244,0
CCT,TAC,1.0790122416529195,0
CCT,TAG,0.9848198034219148,0
CCT,TAT,1.0206592390230214,0
CCT,TCA,1.0534919453969076,0
CCT,TCC,1.1321964066703816,0
CCT,TCG,1.0956472109468065,0
CCT,TCT,1.061955409911331,0
CCT,TGA,0.9789532565565016,0
CCT,TGC,1.094561747904585,0
CCT,TGG,1.0714962672189074,0
CCT,TGT,1.0648219446762943,0
CCT,TTA,1.0077270987313014,0
CCT,TTC,1.070352481504128,0
CCT,TTG,1.0440281070674213,0
CCT,TTT,1.0169550891484493,0
CGA,CGC,1.1358759228487072,0
CGA,CGG,1.2727853537960492,0
CGA,CGT,1.0850143215611336,0
CGA,CTA,1.0750554193453117,0
CGA,CTC,1.190502621339808,0
CGA,CTG,1.1813674839023516,0
CGA,CTT,1.0470866013874736,0
CGA,GAA,1.0126926387967405,0
CGA,GAC,1.0890799594367855,0
CGA,GAG,1.0560424805520343,0
CGA,GAT,1.0237734115845878,0
CGA,GCA,1.0298347035208233,0
CGA,GCC,1.1838859105319441,0
CGA,GCG,1.0805721453845973,0
CGA,GCT,1.038894125872711,0
CGA,GGA,1.0384034481014675,0
CGA,GGC,1.0891598459707936,0
CGA,GGG,1.0950270737015548,0
CGA,GGT,1.0368263446487902,0
CGA,GTA,1.019323068541713,0
CGA,GTC,1.1406021879029866,0
CGA,GTG,1.0667828734294658,0
CGA,GTT,1.0269648193170586,0
CGA,TAA,0.9762871270140699,0
CGA,TAC,1.0777398452098848,0
CGA,TAG,1.0509100326385423,0
CGA,TAT,1.0358065942144292,0
CGA,TCA,1.058504496269232,0
CGA,TCC,1.1685834416924967,0
CGA,TCG,1.1611714593180993,0
CGA,TCT,1.0530456182342918,0
CGA,TGA,1.048822823040452,0
CGA,TGC,1.1450411481092748,0
CGA,TGG,1.086532048209887,0
CGA,TGT,1.0897144887966133,0
CGA,TTA,1.0106378054460907,0
CGA,TTC,1.054114293121674,0
CGA,TTG,1.092521794206122,0
CGA,TTT,1.0191016462416298,0
CGC,CGG,1.1480033375397367,0
CGC,CGT,1.1309913172347912,0
CGC,CTA,1.0823743579741238,0
CGC,CTC,1.1601644710261079,0
CGC,CTG,1.1493513144316239,0
CGC,CTT,1.0593530529674182,0
CGC,GAA,1.0143303685362626,0
CGC,GAC,1.1314209287315988,0
CGC,GAG,1.055198727269507,0
CGC,GAT,1.0226413730803976,0
CGC,GCA,1.0428182727036681,0
CGC,GCC,1.1620818679237246,0
CGC,GCG,1.108503829450745,0
CGC,GCT,1.0490752878160206,0
CGC,GGA,1.0407155558930201,0
CGC,GGC,1.1446833346459169,0
CGC,GGG,1.0642837807064771,0
CGC,GGT,1.0515173264365825,0
CGC,GTA,1.0228625325468943,0
CGC,GTC,1.1423551905173341,0
CGC,GTG,1.0592340299829102,0
CGC,GTT,1.0289902588817206,0
CGC,TAA,1.02190204916309,0
CGC,TAC,1.1198890307731644,0
CGC,TAG,0.9576975106401147,0
CGC,TAT,1.0243905502240283,0
CGC,TCA,1.066284317910334,0
CGC,TCC,1.1492828616859287,0
CGC,TCG,1.1306339160432146,0
CGC,TCT,1.0729084223903615,0
CGC,TGA,0.9501950663333181,0
CGC,TGC,1.1708384550156772,0
CGC,TGG,1.066082076175636,0
CGC,TGT,1.0683429067054744,0
CGC,TTA,1.0098473159826757,0
CGC,TTC,1.0858609785419977,0
CGC,TTG,1.0423147343207515,0
CGC,TTT,1.0100902516367918,0
CGG,CGT,1.0983133093919957,0
CGG,CTA,1.0945097575029368,0
CGG,CTC,1.373278875650995,0
CGG,CTG,1.2932490300764365,0
CGG,CTT,1.0525420475719507,0
CGG,GAA,1.0111544820385803,0
CGG,GAC,1.1141216405340364,0
CGG,GAG,1.0639884475650079,0
CGG,GAT,1.0272620865139948,0
CGG,GCA,1.0335142095097947,0
CGG,GCC,1.261379349534976,0
CGG,GCG,1.1108738589654619,0
CGG,GCT,1.0427043750210174,0
CGG,GGA,1.0501955925338176,0
CGG,GGC,1.095952513202719,0
CGG,GGG,1.1511349227083305,0
CGG,GGT,1.0496870282633117,0
CGG,GTA,1.026026783891905,0
CGG,GTC,1.2092096646499397,0
CGG,GTG,1.099060096774723,0
CGG,GTT,1.0301381408145076,0
CGG,TAA,0.892643989023222,0
CGG,TAC,1.0944731622287671,0
CGG,TAG,1.1420170141658121,0
CGG,TAT,1.0396408149741534,0
CGG,TCA,1.0721255207896427,0
CGG,TCC,1.328964245522216,0
CGG,TCG,1.2832633640900561,0
CGG,TCT,1.0640896525464874,0
CGG,TGA,1.3093308671361537,0
CGG,TGC,1.2632180438888905,0
CGG,TGG,1.131035483218123,0
CGG,TGT,1.1397918869591666,0
CGG,TTA,1.011955344134092,0
CGG,TTC,1.067005854308036,0
CGG,TTG,1.1355871320393633,0
CGG,TTT,1.0227196004898693,0
CGT,CTA,1.0513598371336113,0
CGT,CTC,1.085994718197213,0
CGT,CTG,1.0867736868209283,0
CGT,CTT,1.041366169175847,0
CGT,GAA,1.0107941541941576,0
CGT,GAC,1.0764785455876371,0
CGT,GAG,1.0446153534024707,0
CGT,GAT,1.0218009185303516,0
CGT,GCA,1.0333307671580891,0
CGT,GCC,1.0842064607298298,0
CGT,GCG,1.0714858283513142,0
CGT,GCT,1.033089928361318,0
CGT,GGA,1.0245363212702638,0
CGT,GGC,1.080915590248214,0
CGT,GGG,1.055140156384176,0
CGT,GGT,1.034897062487165,0
CGT,GTA,1.0174500211426425,0
CGT,GTC,1.0790080301734892,0
CGT,GTG,1.0381470617088935,0
CGT,GTT,1.0204868150046222,0
CGT,TAA,1.0070662642914803,0
CGT,TAC,1.064238370699711,0
CGT,TAG,0.9923227313909685,0
CGT,TAT,1.0187585925591283,0
CGT,TCA,1.04408912772531,0
CGT,TCC,1.088510177676641,0
CGT,TCG,1.0845779510923352,0
CGT,TCT,1.046427366501008,0
CGT,TGA,0.9779724833513648,0
CGT,TGC,1.0804652138985442,0
CGT,TGG,1.0470142965952074,0
CGT,TGT,1.0482011987650877,0
CGT,TTA,1.008469222490345,0
CGT,TTC,1.0506197514559419,0
CGT,TTG,1.0401691694570225,0
CGT,TTT,1.0084758152541968,0
CTA,CTC,1.1083408656441474,0.0
CTA,CTG,1.0852283444157167,0
CTA,CTT,1.0409475834909965,0
CTA,GAA,1.0062133256448282,1.7142857142857142
CTA,GAC,1.059418815884306,0
CTA,GAG,1.026446859396985,0
CTA,GAT,1.0147259606007413,0
CTA,GCA,1.0279994843538662,0
CTA,GCC,1.098698940218693,0
CTA,GCG,1.055632231328373,0
CTA,GCT,1.0284225259896427,0.0
CTA,GGA,1.0296081400298216,0.0
CTA,GGC,1.0731087067907454,0.0
CTA,GGG,1.0586014236717916,0
CTA,GGT,1.0309786841003528,0
CTA,GTA,1.015607741181477,2.0
CTA,GTC,1.0782860041251818,0
CTA,GTG,1.030007380308595,0
CTA,GTT,1.0202889252578415,0
CTA,TAA,0.9998084577055946,0
CTA,TAC,1.0675438556075596,4.0
CTA,TAG,1.0189666064062366,0
CTA,TAT,1.0192679689696558,0
CTA,TCA,1.0423800307357942,0
CTA,TCC,1.107367016328766,0
CTA,TCG,1.0865164808302732,0
CTA,TCT,1.0456211956703947,0
CTA,TGA,0.9818758450937062,0
CTA,TGC,1.076484048829218,0
CTA,TGG,1.0565087942725364,6.0
CTA,TGT,1.051598829947049,0
CTA,TTA,1.0098923556986952,0
CTA,TTC,1.0586167276099088,0
CTA,TTG,1.0438226281133616,0
CTA,TTT,1.0148271801479332,0
CTC,CTG,1.2506791080702637,0
CTC,CTT,1.0620259128611473,0
CTC,GAA,1.0087296635980338,1.7142857142857142
CTC,GAC,1.0932037538443533,0
CTC,GAG,1.0392891056167584,0
CTC,GAT,1.0189676234979974,0
CTC,GCA,1.0400959167587764,0
CTC,GCC,1.2881421506591086,0
CTC,GCG,1.0821761388693771,0
CTC,GCT,1.0479477482458255,0.0
CTC,GGA,1.0451327008593032,0
CTC,GGC,1.1322535326068157,0.0
CTC,GGG,1.1088553519327942,0
CTC,GGT,1.0437189874521842,0
CTC,GTA,1.019602785889207,0
CTC,GTC,1.1942371305146084,0
CTC,GTG,1.0600249449229784,0
CTC,GTT,1.0341323117794963,0
CTC,TAA,0.9786026054119589,0
CTC,TAC,1.1127013805394346,0.0
CTC,TAG,1.030485423350537,0
CTC,TAT,1.0376495551206288,0
CTC,TCA,1.0712758036356167,0
CTC,TCC,1.3272520850773204,0
CTC,TCG,1.1941273771838656,0
CTC,TCT,1.0787890250849332,0
CTC,TGA,1.0594781787832301,0
CTC,TGC,1.1997231315083816,0
CTC,TGG,1.1135352521948625,0
CTC,TGT,1.095762962254543,0
CTC,TTA,1.0140148256402772,0
CTC,TTC,1.0964895574493014,0
CTC,TTG,1.0982187971360025,0
CTC,TTT,1.0243944544513217,0
CTG,CTT,1.0579301323251775,0
CTG,GAA,1.010200804569592,0
CTG,GAC,1.0937980246438248,0
CTG,GAG,1.0570824770250882,0
CTG,GAT,1.0223238299274886,0
CTG,GCA,1.0398188289460697,0
CTG,GCC,1.1896758163477281,0
CTG,GCG,1.1067116895667828,0
CTG,GCT,1.0417116439529677,0
CTG,GGA,1.0384484889002694,0
CTG,GGC,1.1129733709555576,0
CTG,GGG,1.1241663759528902,0
CTG,GGT,1.0490769175199512,0
CTG,GTA,1.024713452529091,0
CTG,GTC,1.1587291954519712,0
CTG,GTG,1.093833998953899,0
CTG,GTT,1.029884322852009,0
CTG,TAA,0.9780179006476198,0
CTG,TAC,1.099191481212647,0
CTG,TAG,1.038053306309586,0
CTG,TAT,1.0309330805633812,0
CTG,TCA,1.0627576115380994,0
CTG,TCC,1.2060999612444399,0
CTG,TCG,1.2072331371646436,0
CTG,TCT,1.067566773061249,0
CTG,TGA,1.0543820154109107,0
CTG,TGC,1.1609298672500934,0
CTG,TGG,1.0983099438072461,0
CTG,TGT,1.111322703853481,0
CTG,TTA,1.0123918053253986,0
CTG,TTC,1.0771232639394643,0
CTG,TTG,1.1058894932323535,0
CTG,TTT,1.0242215818397316,0
CTT,GAA,1.004709840702973,0
CTT,GAC,1.0418294758954851,0
CTT,GAG,1.0204299511175592,0
CTT,GAT,1.0118248031496064,0
CTT,GCA,1.0237616382289563,0
CTT,GCC,1.0589982788357184,0
CTT,GCG,1.0439139947592935,0
CTT,GCT,1.026066429321485,0
CTT,GGA,1.0233090773404592,0
CTT,GGC,1.0560567869584407,0
CTT,GGG,1.0365484020731284,0
CTT,GGT,1.024212277852662,0
CTT,GTA,1.0137834152825573,0
CTT,GTC,1.0542737455513325,0
CTT,GTG,1.0258804210245727,0
CTT,GTT,1.0168362044845918,0
CTT,TAA,1.0034078833547324,0
CTT,TAC,1.039431708050019,0
CTT,TAG,0.987151572132181,0
CTT,TAT,1.012654096010125,0
CTT,TCA,1.032298901885516,0
CTT,TCC,1.06443050383275,0
CTT,TCG,1.055648898548259,0
CTT,TCT,1.0364229473212248,0
CTT,TGA,0.99850438483941,0
CTT,TGC,1.0447527973728052,0
CTT,TGG,1.0329846356762835,0
CTT,TGT,1.036127242709031,0
CTT,TTA,1.008592229211746,0
CTT,TTC,1.0372583128996742,0
CTT,TTG,1.0299679586871464,0
CTT,TTT,1.010973193358765,0
GAA,GAC,1.0116371333426561,0
GAA,GAG,1.010214453601967,0
GAA,GAT,1.0061959360208912,0
GAA,GCA,1.0045517891941287,0
GAA,GCC,1.0103993490149161,0
GAA,GCG,1.0082444893118958,0
GAA,GCT,1.0049278811413913,0
GAA,GGA,1.002896124050614,0
GAA,GGC,1.0074555423751366,0
GAA,GGG,1.008513624933346,0
GAA,GGT,1.0042588188231434,0
GAA,GTA,1.0027563574133602,0
GAA,GTC,1.010582825707752,0
GAA,GTG,1.0075734778851873,0
GAA,GTT,1.0041054863262302,0
GAA,TAA,1.0013523336135313,0
GAA,TAC,1.0102761002082528,0
GAA,TAG,0.9976414646207513,0
GAA,TAT,1.0037298012682057,0
GAA,TCA,1.0060559727525618,0
GAA,TCC,1.0109693546979694,0
GAA,TCG,1.0095741810861127,0
GAA,TCT,1.007029616730802,0
GAA,TGA,0.9966719012286932,0
GAA,TGC,1.0125953849501412,0
GAA,TGG,1.0045814301510056,0
GAA,TGT,1.0099903481928527,0
GAA,TTA,1.0014794250357641,0
GAA,TTC,1.0039893113684986,0
GAA,TTG,1.005058461209433,0
GAA,TTT,1.0013151387892274,0
GAC,GAG,1.0464360011741733,0
GAC,GAT,1.022213929268822,0
GAC,GCA,1.031163266959914,0.0
GAC,GCC,1.1016008973703946,0
GAC,GCG,1.0661790253701222,0
GAC,GCT,1.0327796123845034,0.0
GAC,GGA,1.0293630909821887,1.5999999999999999
GAC,GGC,1.0942379355044058,0.7999999999999999
GAC,GGG,1.046985809501697,0
GAC,GGT,1.0376594014414005,0
GAC,GTA,1.0201936124160702,1.2
GAC,GTC,1.0988812458172772,0
GAC,GTG,1.0363577040422574,0
GAC,GTT,1.023341553107857,0
GAC,TAA,1.0097300714503328,0
GAC,TAC,1.080587747157155,1.5999999999999999
GAC,TAG,0.9569272319245603,0
GAC,TAT,1.0164669637691923,0
GAC,TCA,1.049631871708244,2.4
GAC,TCC,1.1023850548024234,0
GAC,TCG,1.0944009098475453,0
GAC,TCT,1.0573975562046813,0
GAC,TGA,1.0021054613798013,0
GAC,TGC,1.096375960386546,2.4
GAC,TGG,1.0576956435690195,2.4
GAC,TGT,1.0515550900124044,0
GAC,TTA,1.0071646473652338,0
GAC,TTC,1.0647605605431147,2.4
GAC,TTG,1.034472089006265,0
GAC,TTT,1.0120082739560299,0
GAG,GAT,1.0171304812834228,0
GAG,GCA,1.0166822829898663,0
GAG,GCC,1.039657780549621,0
GAG,GCG,1.0416512867440832,0
GAG,GCT,1.0136105915333695,0
GAG,GGA,1.0096728367772378,0
GAG,GGC,1.0296035504455525,0
GAG,GGG,1.0382891941113979,0
GAG,GGT,1.016091523303449,0
GAG,GTA,1.0116674769081186,0
GAG,GTC,1.0370304080193362,0
GAG,GTG,1.027298560552895,0
GAG,GTT,1.0132252051720552,0
GAG,TAA,0.9939495473314486,0
GAG,TAC,1.0332801824342743,0
GAG,TAG,1.0131774283661903,0
GAG,TAT,1.0141546214342578,0
GAG,TCA,1.0205056707997884,0
GAG,TCC,1.0385135019614176,0
GAG,TCG,1.050889653232444,0
GAG,TCT,1.0253427150068768,0
GAG,TGA,1.0122702579271303,0
GAG,TGC,1.0381838612428937,0
GAG,TGG,1.0252457810720883,0
GAG,TGT,1.0299523587251012,0
GAG,TTA,1.0055446606938787,0
GAG,TTC,1.0196990959074284,0
GAG,TTG,1.031054056311424,0
GAG,TTT,1.006638572908193,0
GAT,GCA,1.0088014629948365,0
GAT,GCC,1.022426799007444,0
GAT,GCG,1.0188853352529823,0
GAT,GCT,1.0080474008810574,0
GAT,GGA,1.0102675544794189,0
GAT,GGC,1.0165912367650372,0
GAT,GGG,1.0198723914858097,0
GAT,GGT,1.0096175799086757,0
GAT,GTA,1.007462733957219,0
GAT,GTC,1.0210489116517285,0
GAT,GTG,1.0116028750244475,0
GAT,GTT,1.0082814720812183,0
GAT,TAA,0.9989390215079178,0
GAT,TAC,1.0174304807293828,0
GAT,TAG,1.0052990049751243,0
GAT,TAT,1.0103329094608342,0
GAT,TCA,1.0140110805860805,0
GAT,TCC,1.0242364120781526,0
GAT,TCG,1.026020456443084,0
GAT,TCT,1.0140678657519007,0
GAT,TGA,0.999169314796425,0
GAT,TGC,1.0220104398045313,0
GAT,TGG,1.0150693869096936,0
GAT,TGT,1.01705419829222,0
GAT,TTA,1.0036666394779772,0
GAT,TTC,1.0103877590926869,0
GAT,TTG,1.0152896475770925,0
GAT,TTT,1.00694106400665,0
GCA,GCC,1.040197817145932,0
GCA,GCG,1.0365138051176321,0
GCA,GCT,1.0196169448088135,0.0
GCA,GGA,1.0154295692430244,0.0
GCA,GGC,1.0372486631752125,2.0
GCA,GGG,1.0236256856665873,0
GCA,GGT,1.0175356249625933,0
GCA,GTA,1.0097031268695866,1.0
GCA,GTC,1.0401308177652995,0
GCA,GTG,1.0221978803986866,0
GCA,GTT,1.0127095765221874,0
GCA,TAA,1.0064640098022506,0
GCA,TAC,1.030441248743717,2.0
GCA,TAG,1.0007532047165206,0
GCA,TAT,1.0087579207981467,0
GCA,TCA,1.0249331391500065,0
GCA,TCC,1.0359735007016138,0
GCA,TCG,1.0431252583791488,0
GCA,TCT,1.0247155026293087,0
GCA,TGA,0.9720891795298658,0
GCA,TGC,1.0301326394618264,0.0
GCA,TGG,1.022002176061329,0.0
GCA,TGT,1.0215139767527688,0
GCA,TTA,1.0066895126532698,0
GCA,TTC,1.0213676539781114,0
GCA,TTG,1.02009030457892,0
GCA,TTT,1.0070003133302716,0
GCC,GCG,1.099239761843761,0
GCC,GCT,1.0540236223915347,0
GCC,GGA,1.0445652868961857,0
GCC,GGC,1.1464061775923644,0
GCC,GGG,1.1112561724047938,0
GCC,GGT,1.053907306110389,0
GCC,GTA,1.0219245738843696,0
GCC,GTC,1.2035026195975764,0
GCC,GTG,1.0585328037955115,0
GCC,GTT,1.0304607890063104,0
GCC,TAA,0.9958964115153837,0
GCC,TAC,1.1010197040636995,0
GCC,TAG,1.0289007814525386,0
GCC,TAT,1.034527254896516,0
GCC,TCA,1.0742489365473233,0
GCC,TCC,1.2787901793387955,0
GCC,TCG,1.184052997315569,0
GCC,TCT,1.080413666921416,0
GCC,TGA,0.9883982100482724,0
GCC,TGC,1.1561710097414657,0
GCC,TGG,1.0965528061082888,0
GCC,TGT,1.0885441435439138,0
GCC,TTA,1.0111684288715546,0
GCC,TTC,1.0867245414960731,0
GCC,TTG,1.0942253533023747,0
GCC,TTT,1.023740277098816,0
GCG,GCT,1.0360558280796683,0
GCG,GGA,1.0357592841569483,0
GCG,GGC,1.0873404916909681,0
GCG,GGG,1.0769104152746007,0
GCG,GGT,1.0409424456408898,0
GCG,GTA,1.0201075760508758,0
GCG,GTC,1.0906937229374525,0
GCG,GTG,1.0683168374980478,0
GCG,GTT,1.0239726084605152,0
GCG,TAA,1.0042275282796924,0
GCG,TAC,1.0669287929106073,0
GCG,TAG,0.9786808450548572,0
GCG,TAT,1.022137233839107,0
GCG,TCA,1.0479267338995846,0
GCG,TCC,1.0600738097969318,0
GCG,TCG,1.1189333823950154,0
GCG,TCT,1.0473743215587221,0
GCG,TGA,1.003514477227895,0
GCG,TGC,1.0752618562872829,0
GCG,TGG,1.0558485449440174,0
GCG,TGT,1.0528758341223459,0
GCG,TTA,1.0092173348194844,0
GCG,TTC,1.0570602762164565,0
GCG,TTG,1.0544345110471522,0
GCG,TTT,1.013142380576736,0
GCT,GGA,1.0230324705107907,0
GCT,GGC,1.05101907104926,4.0
GCT,GGG,1.028922138954057,0
GCT,GGT,1.0216483848057079,0
GCT,GTA,1.0127649355697423,0
GCT,GTC,1.0400832999599519,0
GCT,GTG,1.0239231948277303,0
GCT,GTT,1.0161389118719113,0
GCT,TAA,1.0041456545301775,0
GCT,TAC,1.0335266206725318,0.0
GCT,TAG,1.0015727529752119,0
GCT,TAT,1.0101860258760156,0
GCT,TCA,1.0325918574817252,0
GCT,TCC,1.0500663375090962,0
GCT,TCG,1.0455888898016334,0
GCT,TCT,1.031549332590542,0
GCT,TGA,0.9810120346998324,0
GCT,TGC,1.0394879612976708,0
GCT,TGG,1.032414914467369,0
GCT,TGT,1.0270272258398883,0
GCT,TTA,1.006410130002659,0
GCT,TTC,1.0353390795587476,0
GCT,TTG,1.019685190510551,0
GCT,TTT,1.0097400551484723,0
GGA,GGC,1.0408122355627603,0.0
GGA,GGG,1.0297093073951802,0
GGA,GGT,1.0207565246455426,0
GGA,GTA,1.013329677017186,0.6666666666666666
GGA,GTC,1.0404672809031161,0
GGA,GTG,1.025247429538301,0
GGA,GTT,1.0152386980775276,0
GGA,TAA,1.0016405161586326,0
GGA,TAC,1.0287193217070627,0.0
GGA,TAG,0.9905584495371638,0
GGA,TAT,1.010896939426494,0
GGA,TCA,1.0269302040056103,0
GGA,TCC,1.0425245740286664,0
GGA,TCG,1.0448711092507308,0
GGA,TCT,1.0256736139568294,0
GGA,TGA,1.0025300241787254,0
GGA,TGC,1.041836511878882,0
GGA,TGG,1.03544962984,0
GGA,TGT,1.0269729816475524,0
GGA,TTA,1.004871252009527,0
GGA,TTC,1.0267360087615647,0
GGA,TTG,1.0207060994812593,0
GGA,TTT,1.0107997905616453,0
GGC,GGG,1.0735816546387855,0
GGC,GGT,1.054180886865652,0
GGC,GTA,1.0251850545661751,0
GGC,GTC,1.121876892022433,0
GGC,GTG,1.0504661335502703,0
GGC,GTT,1.0320723215888703,0
GGC,TAA,1.0201453469225872,0
GGC,TAC,1.084377611434347,2.6666666666666665
GGC,TAG,0.9627877732311634,0
GGC,TAT,1.0189111493726306,0
GGC,TCA,1.064071330786807,0
GGC,TCC,1.1291151376244069,0
GGC,TCG,1.1120446022581392,0
GGC,TCT,1.0642517289502003,0
GGC,TGA,0.9524958540945528,0
GGC,TGC,1.1264928035288364,0
GGC,TGG,1.0778111015322687,0
GGC,TGT,1.0598021653850445,0
GGC,TTA,1.0081096406719765,0
GGC,TTC,1.0895870613186722,0
GGC,TTG,1.040013458817849,0
GGC,TTT,1.0161604324399633,0
GGG,GGT,1.0350984517574955,0
GGG,GTA,1.021293043273995,0
GGG,GTC,1.0956166808103134,0
GGG,GTG,1.054875179866568,0
GGG,GTT,1.0268063100090676,0
GGG,TAA,0.9797915181254191,0
GGG,TAC,1.0638873447042212,0
GGG,TAG,1.0240886552213888,0
GGG,TAT,1.0266865596611512,0
GGG,TCA,1.048440853803959,0
GGG,TCC,1.096848062341914,0
GGG,TCG,1.1291143231111134,0
GGG,TCT,1.0409325744403104,0
GGG,TGA,1.0608669198747334,0
GGG,TGC,1.0805511963149006,0
GGG,TGG,1.0737006184707183,0
GGG,TGT,1.0602215841234441,0
GGG,TTA,1.0080200619847652,0
GGG,TTC,1.0434598663004369,0
GGG,TTG,1.0727069478365692,0
GGG,TTT,1.0164627038413983,0
GGT,GTA,1.0130499914066595,0
GGT,GTC,1.047562836546051,0
GGT,GTG,1.0282262593521299,0
GGT,GTT,1.0166441119782335,0
GGT,TAA,1.005459478050886,0
GGT,TAC,1.0346216948326525,0
GGT,TAG,0.9905939218554225,0
GGT,TAT,1.0125779809268989,0
GGT,TCA,1.031957584038722,0
GGT,TCC,1.0442254818103378,0
GGT,TCG,1.0491184562418965,0
GGT,TCT,1.0301402493221417,0
GGT,TGA,0.9864489145004987,0
GGT,TGC,1.044786791867237,0
GGT,TGG,1.0360098669248492,0
GGT,TGT,1.0267209266520434,0
GGT,TTA,1.003946199055587,0
GGT,TTC,1.0351002413672175,0
GGT,TTG,1.021990877989309,0
GGT,TTT,1.0070998303328438,0
GTA,GTC,1.0243133203694699,0
GTA,GTG,1.0163481455470014,0
GTA,GTT,1.009741713944461,0
GTA,TAA,0.9993907569796145,0
GTA,TAC,1.0184214473850421,2.0
GTA,TAG,1.0017584204645222,0
GTA,TAT,1.0066663867294814,0
GTA,TCA,1.0151937217194569,0
GTA,TCC,1.0206745519134506,0
GTA,TCG,1.025860174864673,0
GTA,TCT,1.01484476559533,0
GTA,TGA,1.0008048606280102,0
GTA,TGC,1.024279613101248,0
GTA,TGG,1.018215655999539,0
GTA,TGT,1.0172990165425322,0
GTA,TTA,1.002435804886985,0
GTA,TTC,1.013905351044318,0
GTA,TTG,1.0142439978776672,0
GTA,TTT,1.0051238047928306,0
GTC,GTG,1.0609144474442265,0
GTC,GTT,1.0349748142755937,0
GTC,TAA,0.9922565927785618,0
GTC,TAC,1.0892229616253828,0
GTC,TAG,1.0101362585281022,0
GTC,TAT,1.0275934158544162,0
GTC,TCA,1.0649346428219666,0
GTC,TCC,1.1977618528870622,0
GTC,TCG,1.1551004888221619,0
GTC,TCT,1.0657142456919424,0
GTC,TGA,1.02241848672608,0
GTC,TGC,1.1406235726218708,0
GTC,TGG,1.0828113214952892,0
GTC,TGT,1.0788323610804034,0
GTC,TTA,1.0080018297535471,0
GTC,TTC,1.071023331298632,0
GTC,TTG,1.06762711925245,0
GTC,TTT,1.0227552757031875,0
GTG,GTT,1.0187439998173264,0
GTG,TAA,0.9884053619122509,0
GTG,TAC,1.0368171653818885,0
GTG,TAG,1.0266163802540202,0
GTG,TAT,1.0189535421150364,0
GTG,TCA,1.0286857675866086,0
GTG,TCC,1.0483729177081094,0
GTG,TCG,1.0860932026107004,0
GTG,TCT,1.0258436726604006,0
GTG,TGA,1.0221523848996785,0
GTG,TGC,1.0458010577996366,0
GTG,TGG,1.0409398788700959,0
GTG,TGT,1.0397080070111866,0
GTG,TTA,1.0074787454427172,0
GTG,TTC,1.0297606131158157,0
GTG,TTG,1.0481477048812966,0
GTG,TTT,1.012937049123719,0
GTT,TAA,1.0019175603804167,0
GTT,TAC,1.0228555771298025,0
GTT,TAG,0.9995863322979015,0
GTT,TAT,1.0083457697954912,0
GTT,TCA,1.0190055038024581,0
GTT,TCC,1.0293267574902398,0
GTT,TCG,1.0337071095658366,0
GTT,TCT,1.0210879679524407,0
GTT,TGA,0.9923560457508104,0
GTT,TGC,1.0305348778997265,0
GTT,TGG,1.0235258370167255,0
GTT,TGT,1.0230211955422417,0
GTT,TTA,1.004303376089963,0
GTT,TTC,1.0177185550166854,0
GTT,TTG,1.0163673565639173,0
GTT,TTT,1.0075232392791287,0
TAA,TAC,1.0126359004537289,0
TAA,TAG,0.0,0
TAA,TAT,0.9954500678396364,0
TAA,TCA,0.9999064986065694,0
TAA,TCC,0.9943499158079186,0
TAA,TCG,0.9806802178373704,0
TAA,TCT,1.007404005901888,0
TAA,TGA,0.0,0
TAA,TGC,0.9812882869043943,0
TAA,TGG,0.9923510574199155,0
TAA,TGT,0.9908081648194383,0
TAA,TTA,1.0003808601393505,0
TAA,TTC,1.0095632391680047,0
TAA,TTG,0.9821160007939569,0
TAA,TTT,0.9974291404554084,0
TAC,TAG,0.9782583147255847,0
TAC,TAT,1.025155998430003,0
TAC,TCA,1.04650371385763,0
TAC,TCC,1.1029069155455316,0
TAC,TCG,1.0783149511719212,0
TAC,TCT,1.0544676991839663,0
TAC,TGA,0.9686076453635163,0
TAC,TGC,1.103971564509801,0
TAC,TGG,1.064796509242432,0
TAC,TGT,1.0604230248708175,0
TAC,TTA,1.0095706440575756,0
TAC,TTC,1.06393369185067,0
TAC,TTG,1.0423545137712709,0
TAC,TTT,1.0140329863282118,0
TAG,TAT,1.0142588178132732,0
TAG,TCA,1.0023295609862772,0
TAG,TCC,0.9819941146841281,0
TAG,TCG,1.0511716397140378,0
TAG,TCT,0.9802264405766458,0
TAG,TGA,0.0,0
TAG,TGC,0.9796707267748329,0
TAG,TGG,1.0215991294562812,0
TAG,TGT,1.021080319465292,0
TAG,TTA,1.0012066908524262,0
TAG,TTC,0.9972630006012174,0
TAG,TTG,1.0150066647140747,0
TAG,TTT,1.0110539571469335,0
TAT,TCA,1.0173953547300443,0
TAT,TCC,1.0348051872959314,0
TAT,TCG,1.0387562681930136,0
TAT,TCT,1.0135481377370426,0
TAT,TGA,1.004886445946533,0
TAT,TGC,1.0298101939999087,0
TAT,TGG,1.0271429757408674,0
TAT,TGT,1.0256047542569025,0
TAT,TTA,1.0054833474117086,0
TAT,TTC,1.0191682537434392,0
TAT,TTG,1.0224623566591202,0
TAT,TTT,1.009045206583406,0
TCA,TCC,1.0751677629652763,0
TCA,TCG,1.067030979040442,0
TCA,TCT,1.0424865974003745,0
TCA,TGA,0.9980679201632527,0
TCA,TGC,1.065181531041149,0.0
TCA,TGG,1.0408599788777917,3.0
TCA,TGT,1.0373648528890462,0
TCA,TTA,1.007615402541993,0
TCA,TTC,1.0403345481268829,0
TCA,TTG,1.033278725679607,0
TCA,TTT,1.0133832999917787,0
TCC,TCG,1.1672106656964227,0
TCC,TCT,1.0844128251246024,0
TCC,TGA,1.0417094547757173,0
TCC,TGC,1.1990299160507307,12.0
TCC,TGG,1.105665515399365,6.0
TCC,TGT,1.0909958173379934,0
TCC,TTA,1.0119217429350456,0.0
TCC,TTC,1.0928353956088916,3.0
TCC,TTG,1.1004433739670554,12.0
TCC,TTT,1.0242631432077,0
TCG,TCT,1.0673998398827398,0
TCG,TGA,1.0301037739994823,0
TCG,TGC,1.123113418497367,0
TCG,TGG,1.098381945378003,0
TCG,TGT,1.0925598663012783,0
TCG,TTA,1.0119145937655647,0
TCG,TTC,1.065155316017185,0
TCG,TTG,1.1095377910213662,0
TCG,TTT,1.0246172767357977,0
TCT,TGA,0.9886256983610555,0
TCT,TGC,1.066586719230541,0
TCT,TGG,1.0408435111273,0
TCT,TGT,1.0450356266873462,0
TCT,TTA,1.0091805914802858,0
TCT,TTC,1.0476001241778314,0
TCT,TTG,1.02873063845723,0
TCT,TTT,1.0098069308464421,0
TGA,TGC,1.0989078229382327,0
TGA,TGG,1.0105814805886548,0
TGA,TGT,1.017581860562401,0
TGA,TTA,0.9971954880275266,0
TGA,TTC,0.9625507641270591,0
TGA,TTG,1.060164352138157,0
TGA,TTT,0.9997696919568011,0
TGC,TGG,1.0914508400390583,6.0
TGC,TGT,1.18344587731196,0
TGC,TTA,1.0080278984217999,0
TGC,TTC,1.083016768977834,0
TGC,TTG,1.056281842965001,0
TGC,TTT,1.017617440184523,0
TGG,TGT,1.0655044930819428,0
TGG,TTA,1.0074648833409245,0
TGG,TTC,1.0571716722845066,0
TGG,TTG,1.049172677469799,0
TGG,TTT,1.017482495087881,0
TGT,TTA,1.0073219863117588,0
TGT,TTC,1.0473227027195502,0
TGT,TTG,1.0466919886406383,0
TGT,TTT,1.0162411807293907,0
TTA,TTC,1.0090740576519308,0.0
TTA,TTG,1.0070137672548003,0
TTA,TTT,1.0042114127405792,0
TTC,TTG,1.0291203570213079,0
TTC,TTT,1.0172039592064033,0
TTG,TTT,1.0177456838480492,0
